place_id,place_name,review_id_hash,rating,review_text,published_at,published_at_date,response_from_owner_text,response_from_owner_ago,response_from_owner_date,review_likes_count,total_number_of_reviews_by_reviewer,total_number_of_photos_by_reviewer,is_local_guide,review_translated_text,response_from_owner_translated_text
ChIJf5odRjPwQS4RN7dwgfewyhU,Indomaret TIRTAYASA PONTANG 2,73859106f795d93f371bc75fbf4f3e84,5,,a year ago,2023-05-14 15:32:57.853339,,,,0,29,,False,,
ChIJf5odRjPwQS4RN7dwgfewyhU,Indomaret TIRTAYASA PONTANG 2,b0f599737e6d90d4fe0dc6ea151f9df8,5,Absorbed,a year ago,2023-05-14 15:32:57.854843,,,,0,4,7,False,Asik,
ChIJf5odRjPwQS4RN7dwgfewyhU,Indomaret TIRTAYASA PONTANG 2,f7d63d4195583d5b5d588e87993a0967,5,Check Johan Jakarias YouTube channel,a year ago,2023-05-14 15:32:57.857895,,,,0,31,123,True,Cek youtube channel Johan Jakaria,
ChIJf5odRjPwQS4RN7dwgfewyhU,Indomaret TIRTAYASA PONTANG 2,cab7b6ea8294d620be9c1af264c667f1,5,,a year ago,2023-05-14 15:32:57.859903,,,,0,104,72,True,,
ChIJf5odRjPwQS4RN7dwgfewyhU,Indomaret TIRTAYASA PONTANG 2,bb86cfae57ebb7046dbe3cdf6c9ef19c,4,,a year ago,2023-05-14 15:32:57.862005,,,,0,,,,,
ChIJf5odRjPwQS4RN7dwgfewyhU,Indomaret TIRTAYASA PONTANG 2,39cf63b80fe840ca77375ef1d401028f,1,Good and safe,a year ago,2023-05-14 15:32:57.864057,,,,0,1,,False,Bagus dan yamnan,
ChIJf5odRjPwQS4RN7dwgfewyhU,Indomaret TIRTAYASA PONTANG 2,0d0038c5f0d8b6b4ff3c695ecbd38a86,4,,a year ago,2023-05-14 15:32:57.866603,,,,0,5,3,True,,
ChIJf5odRjPwQS4RN7dwgfewyhU,Indomaret TIRTAYASA PONTANG 2,807f27f694a240d24eb280474c4f0fb8,5,ok,a year ago,2023-05-14 15:32:57.868649,,,,0,55,26,True,,
ChIJf5odRjPwQS4RN7dwgfewyhU,Indomaret TIRTAYASA PONTANG 2,b2cfd3a3733fc48edae7b4d4173688c2,4,Not bad for stopping by just to buy a drink,a year ago,2023-05-14 15:32:57.870687,,,,0,124,561,True,Lumayan buat mampir sekedar beli minuman,
ChIJf5odRjPwQS4RN7dwgfewyhU,Indomaret TIRTAYASA PONTANG 2,920a056261cad8ee92dd5c43ba8e555a,5,,a year ago,2023-05-14 15:32:57.873747,,,,0,24,,True,,
ChIJf5odRjPwQS4RN7dwgfewyhU,Indomaret TIRTAYASA PONTANG 2,bfa1f814319dfd33c47f723382c2e7e8,4,,a year ago,2023-05-14 15:32:58.816575,,,,0,1,,False,,
ChIJf5odRjPwQS4RN7dwgfewyhU,Indomaret TIRTAYASA PONTANG 2,f454281ec0768d959fbcc21823ba51b5,5,Indomaret which is located at the Sidayu T-junction,2 years ago,2022-05-14 15:32:58.818587,,,,0,4,13,True,indomaret yang terletak di pertigaan sidayu,
ChIJf5odRjPwQS4RN7dwgfewyhU,Indomaret TIRTAYASA PONTANG 2,c9ad475dd4dfd346ae2ac5b6f9d8df4f,5,,2 years ago,2022-05-14 15:32:58.820587,,,,0,19,1,True,,
ChIJf5odRjPwQS4RN7dwgfewyhU,Indomaret TIRTAYASA PONTANG 2,56be902b9290b0583a0a2056cfc5c6df,5,,2 years ago,2022-05-14 15:32:58.822588,,,,0,5,,True,,
ChIJf5odRjPwQS4RN7dwgfewyhU,Indomaret TIRTAYASA PONTANG 2,45abe0e95b27ed7409d6badc160d16da,3,Thats great,2 years ago,2022-05-14 15:32:58.824589,,,,0,20,46,True,Mantap uy,
ChIJf5odRjPwQS4RN7dwgfewyhU,Indomaret TIRTAYASA PONTANG 2,19cc372e71e1bb4195e0ab8d4e718b77,5,A comfortable place to buy snacks that can relieve a little sleepiness at an affordable price.,2 years ago,2022-05-14 15:32:58.827100,,,,0,48,71,True,Tempat yang nyaman untuk beli cemilan yg bisa hilangkan sedikit rasa kantuk dengan harga yg terjangkau.,
ChIJf5odRjPwQS4RN7dwgfewyhU,Indomaret TIRTAYASA PONTANG 2,b686832bdba214809694236014227169,5,,2 years ago,2022-05-14 15:32:58.830100,,,,0,134,3184,True,,
ChIJf5odRjPwQS4RN7dwgfewyhU,Indomaret TIRTAYASA PONTANG 2,6bdecfa25cd85360a33c37415643400d,5,Close,2 years ago,2022-05-14 15:32:58.832101,,,,0,3,1,False,Deket,
ChIJf5odRjPwQS4RN7dwgfewyhU,Indomaret TIRTAYASA PONTANG 2,8507b59e9da64081857b8ade3bc4f5a1,5,Time to paint the Umie stall,2 years ago,2022-05-14 15:32:58.834608,,,,0,66,289,True,Waktu pengecatan warung umie,
ChIJf5odRjPwQS4RN7dwgfewyhU,Indomaret TIRTAYASA PONTANG 2,877cf41cc3373f3fc51a99879884315d,5,,2 years ago,2022-05-14 15:32:58.837134,,,,0,5,20,True,,
ChIJf5odRjPwQS4RN7dwgfewyhU,Indomaret TIRTAYASA PONTANG 2,bcb18228a13869c50e0126bb5240ce47,4,,2 years ago,2022-05-14 15:32:59.973632,,,,0,28,62,True,,
ChIJf5odRjPwQS4RN7dwgfewyhU,Indomaret TIRTAYASA PONTANG 2,3f166f860e09fd8cf288789682b00f61,3,,2 years ago,2022-05-14 15:32:59.975665,,,,0,2,,False,,
ChIJf5odRjPwQS4RN7dwgfewyhU,Indomaret TIRTAYASA PONTANG 2,8e19bffb402d24b669d6c065d38737bc,4,"I dont know where this is, maybe I just stopped by and bought a drink.",2 years ago,2022-05-14 15:32:59.977184,,,,0,11,58,True,"Kurang tau ini dimana, mungkin saat itu cuma singgah aja, beli minum.",
ChIJf5odRjPwQS4RN7dwgfewyhU,Indomaret TIRTAYASA PONTANG 2,5b40b22363ac64197ae44f4ec581a2fd,5,reasonable,2 years ago,2022-05-14 15:32:59.979360,,,,0,123,868,True,lumayan,
ChIJf5odRjPwQS4RN7dwgfewyhU,Indomaret TIRTAYASA PONTANG 2,ad0cc86133eff3946c49c48f962f0081,5,,2 years ago,2022-05-14 15:32:59.982535,,,,0,3,6,True,,
ChIJf5odRjPwQS4RN7dwgfewyhU,Indomaret TIRTAYASA PONTANG 2,f07cc9b45fab9505f9ce44d511ff67b9,4,,2 years ago,2022-05-14 15:32:59.984590,,,,0,8,28,True,,
ChIJf5odRjPwQS4RN7dwgfewyhU,Indomaret TIRTAYASA PONTANG 2,7a39bca8116b84a8dd645eabaa1e1679,5,,2 years ago,2022-05-14 15:32:59.986748,,,,0,3,1,False,,
ChIJf5odRjPwQS4RN7dwgfewyhU,Indomaret TIRTAYASA PONTANG 2,87fed305b17923edb4a3243d437dc63f,5,,2 years ago,2022-05-14 15:32:59.988338,,,,0,,,,,
ChIJf5odRjPwQS4RN7dwgfewyhU,Indomaret TIRTAYASA PONTANG 2,4912294f3f139f03cbb53ca99c7c3415,3,Quite helpful when you want to park the car,2 years ago,2022-05-14 15:32:59.990325,,,,0,16,32,True,Cukup membantu dikala pengen parkir mobil,
ChIJf5odRjPwQS4RN7dwgfewyhU,Indomaret TIRTAYASA PONTANG 2,481ca6463ee03177b11dc3941cb75207,5,"The place is near the house, shopping is closer",2 years ago,2022-05-14 15:32:59.992331,,,,0,83,18,True,Tempatnya Deket rumah belanja lebih deket,
ChIJf5odRjPwQS4RN7dwgfewyhU,Indomaret TIRTAYASA PONTANG 2,565ffe72fe7ccea47ba08871e9319d08,5,,2 years ago,2022-05-14 15:33:00.992136,,,,0,31,102,True,,
ChIJf5odRjPwQS4RN7dwgfewyhU,Indomaret TIRTAYASA PONTANG 2,5cb68e637507e4d6a2fe2168edc357e6,5,Buy aqua,2 years ago,2022-05-14 15:33:00.994246,,,,0,16,5,True,Beli aqua,
ChIJf5odRjPwQS4RN7dwgfewyhU,Indomaret TIRTAYASA PONTANG 2,e29f8ad0e4f8a59fc47bd13e6826f5f6,5,,2 years ago,2022-05-14 15:33:00.996278,,,,0,15,8,True,,
ChIJf5odRjPwQS4RN7dwgfewyhU,Indomaret TIRTAYASA PONTANG 2,00c1776ae078ce0fa097f4d6a4d2a6e3,5,,2 years ago,2022-05-14 15:33:00.998367,,,,0,3,,False,,
ChIJf5odRjPwQS4RN7dwgfewyhU,Indomaret TIRTAYASA PONTANG 2,e92ab05adc126cad675df54937ff52db,5,Nice neat place,2 years ago,2022-05-14 15:33:01.000431,,,,0,37,11,True,Bagus tempat rapi,
ChIJf5odRjPwQS4RN7dwgfewyhU,Indomaret TIRTAYASA PONTANG 2,a786aef6fc63f9e06867ea137e747513,2,good,2 years ago,2022-05-14 15:33:01.002990,,,,1,149,231,True,,
ChIJf5odRjPwQS4RN7dwgfewyhU,Indomaret TIRTAYASA PONTANG 2,83cef0a8ffec4f0c02659e2d44ccfe39,5,,2 years ago,2022-05-14 15:33:01.004643,,,,0,4,17,True,,
ChIJf5odRjPwQS4RN7dwgfewyhU,Indomaret TIRTAYASA PONTANG 2,43768fe801d344cc48f80aba3f405d0f,5,The officers are friendly,2 years ago,2022-05-14 15:33:01.006690,,,,1,104,36,True,Petugasnya ramah,
ChIJf5odRjPwQS4RN7dwgfewyhU,Indomaret TIRTAYASA PONTANG 2,92c2abf87d89420ba6f47fe9281f8cc6,5,,2 years ago,2022-05-14 15:33:01.009051,,,,0,2,6,False,,
ChIJf5odRjPwQS4RN7dwgfewyhU,Indomaret TIRTAYASA PONTANG 2,7277381298fe2658f8652faffadb93a3,3,"Indomart is located at the intersection of Tiga Sedayu, you can stop by if you want to go to Tangerang or Lontar Brangbang",3 years ago,2021-05-14 15:33:01.011177,,,,0,259,667,True,"Indomart berada disimpang tiga sedayu, bisa mampir kalo mau ke arah tangerang atau lontar brangbang",
ChIJf5odRjPwQS4RN7dwgfewyhU,Indomaret TIRTAYASA PONTANG 2,9628e8b9dffb0ca99dba4fe57d0d2aa0,4,,3 years ago,2021-05-14 15:33:02.024581,,,,0,2,5,False,,
ChIJf5odRjPwQS4RN7dwgfewyhU,Indomaret TIRTAYASA PONTANG 2,d2e40a5f294d5e2d3186a6db4af576f5,3,,3 years ago,2021-05-14 15:33:02.026656,,,,0,1,,False,,
ChIJf5odRjPwQS4RN7dwgfewyhU,Indomaret TIRTAYASA PONTANG 2,fc81836edf0ba7ee623b7c93a9899596,5,,3 years ago,2021-05-14 15:33:02.027751,,,,0,19,,False,,
ChIJf5odRjPwQS4RN7dwgfewyhU,Indomaret TIRTAYASA PONTANG 2,d5bfefe4e057efd74b216dcb5d975eef,4,,3 years ago,2021-05-14 15:33:02.029760,,,,0,,,,,
ChIJf5odRjPwQS4RN7dwgfewyhU,Indomaret TIRTAYASA PONTANG 2,845e60c67ff230d24d7a990f959a7b61,3,,3 years ago,2021-05-14 15:33:02.031988,,,,0,13,128,True,,
ChIJf5odRjPwQS4RN7dwgfewyhU,Indomaret TIRTAYASA PONTANG 2,6e8a7d93974dc47344373637365f2381,4,Ok,3 years ago,2021-05-14 15:33:02.034013,,,,0,22,43,True,,
ChIJf5odRjPwQS4RN7dwgfewyhU,Indomaret TIRTAYASA PONTANG 2,32006cc49075dea4c2992c84cbb421a5,1,Very satisfactory,3 years ago,2021-05-14 15:33:02.036022,,,,0,13,,False,Sangat memuaskan,
ChIJf5odRjPwQS4RN7dwgfewyhU,Indomaret TIRTAYASA PONTANG 2,075d3a0f175cf6f7f05fea05fddb72db,5,Alhamdulillah blessings,3 years ago,2021-05-14 15:33:02.039063,,,,0,5,14,True,Alhmdulillah berkah,
ChIJf5odRjPwQS4RN7dwgfewyhU,Indomaret TIRTAYASA PONTANG 2,de787fbf6f4e538199fa5300b373acd2,3,,3 years ago,2021-05-14 15:33:02.041075,,,,0,11,13,True,,
ChIJf5odRjPwQS4RN7dwgfewyhU,Indomaret TIRTAYASA PONTANG 2,96b24b240c9bf727c7138fe75f08ed27,5,,3 years ago,2021-05-14 15:33:02.043090,,,,0,,,,,
ChIJV8lYCqTxQS4R-QUYdZ3LX-Y,Saung HapHap,d3998a3b52ffa0ab264ed8a5c5a21fc5,5,"Great fish balls, with extraordinary service, plus a romantic atmosphere... Really recommended... Keep it up everyone...",a month ago,2024-04-14 15:32:26.642080,,,,1,1,,False,,
ChIJV8lYCqTxQS4R-QUYdZ3LX-Y,Saung HapHap,67f234b1ee37a5c630ab726ba579693d,5,"Located in the middle of the rice fields of Tirtayasa village, close to the dining area of the Ageng Tirtayasa sultan, so it could be a suitable resting place after religious or historical tourism. The location of the hut is slightly inland from the main road, so it is not disturbed by passing vehicles. The parking lot is not very large but can accommodate up to 5 cars and dozens of motorbikes. Can be used as a gathering place or family event.",a month ago,2024-04-14 15:32:26.644102,,,,0,368,608,True,"Bertempat di tengah persawahan desa tirtayasa, dekat dengan makan sultan Ageng Tirtayasa, jadi bisa menjadi tempat istirahat yang cocok setelah wisata religi atau sejarah. Lokasi saung agak masuk ke dalam dari jalan utama, sehingga tidak terganggu oleh lalu lalang kendaraan. Tempat parkir tidak begitu luas tetapi bisa menampung hingga 5 mobil dan belasan motor. Bisa digunakan untuk tempat kumpul atau acara keluarga.",
ChIJV8lYCqTxQS4R-QUYdZ3LX-Y,Saung HapHap,10511c6af83f3288ed26549a8e8b36db,5,"Thank God its halal. the recipe is just right, delicious. service is quite warm. the breezy atmosphere makes it cool, in the middle of the rice fields it is pleasing to the eyes and healthy for the soul. so I want to repeat it... greetings hap-hap",a month ago,2024-04-14 15:32:26.647573,,,,1,2,1,False,"Alhamdulillah halal. resepnya pas, gurih. pelayanan cukup hangat. suasana semilir anginnya bikin sejuk, di tengah sawah memanjakan mata sekaligus sehat buat jiwa. jadi pingin ngulangin.. salam hap-hap",
ChIJV8lYCqTxQS4R-QUYdZ3LX-Y,Saung HapHap,1e2f150fc485e48dda17924af3111922,5,"the place is really good, the meatballs are great",a month ago,2024-04-14 15:32:26.650573,,,,0,1,,False,"tempatnya pw banget, baksonya mantappp",
ChIJV8lYCqTxQS4R-QUYdZ3LX-Y,Saung HapHap,dd1d0731a9c2e1df0406bc1e30196b64,5,the place is really exotic...,a month ago,2024-04-14 15:32:26.653574,,,,1,11,16,True,tempat nya eksotik banget euy...,
ChIJV8lYCqTxQS4R-QUYdZ3LX-Y,Saung HapHap,36ec435db1e009a0802c7ce3e651bd63,5,"The place is comfortable and relaxing, perfect for groups and families",a month ago,2024-04-14 15:32:26.656402,,,,1,1,2,False,"Tempatnya nyaman dan santai, pas untuk rombongan dan keluarga",
ChIJV8lYCqTxQS4R-QUYdZ3LX-Y,Saung HapHap,ae3eb2ea204efbda4c7a09a6039e80e4,5,MANTAPPPPP SOUL PERFECT DEHH,a month ago,2024-04-14 15:32:26.659419,,,,1,1,,False,MANTAPPPPP JIWAAA PERFECT DEHH,
ChIJV8lYCqTxQS4R-QUYdZ3LX-Y,Saung HapHap,79c14c3cfe8479be6374ab08b4b3f556,4,,5 months ago,2023-12-14 15:32:26.662420,,,,0,1,2,False,,
ChIJV8lYCqTxQS4R-QUYdZ3LX-Y,Saung HapHap,b35cbcacff803c4565b308e90c8b956c,5,"The meatballs are delicious, but the sauce isnt spicy enough...but if youre concerned, the taste is good...the place is also clean, the seller is also friendly... Thats all, thank you very much",5 months ago,2023-12-14 15:32:26.664418,,,,1,2,,False,,
ChIJV8lYCqTxQS4R-QUYdZ3LX-Y,Saung HapHap,fe494a098ca43dbe90f46ce6f8c8eab8,5,"Saung Hap Hap, the place is nice and comfortable, especially the fish meatballs are great, Ill regret not trying them yet, and youll definitely be addicted, because the taste of the fishballs is really delicious.",a year ago,2023-05-14 15:32:26.666925,,,,2,6,25,True,"Saung Hap hap, tempatnya enak nyaman, apalagi baso ikannya mantap, pokoknya nyesel deh kalau belum nyobain, dan pasti ketagihan, karena rasa baso ikannya manyus banget.",
ChIJV8lYCqTxQS4R-QUYdZ3LX-Y,Saung HapHap,ff92d7199f31e680993584c521ed0144,5,,a year ago,2023-05-14 15:32:27.575321,,,,0,3,,False,,
ChIJV8lYCqTxQS4R-QUYdZ3LX-Y,Saung HapHap,f94b144562318f80189ea907afafa318,5,,a year ago,2023-05-14 15:32:27.577322,,,,0,1,,False,,
ChIJV8lYCqTxQS4R-QUYdZ3LX-Y,Saung HapHap,28695769e9017bd8c03843fa3945e844,5,"Its crazy, the place is so beautiful, the vibes are cool, the meatballs are really delicious",a year ago,2023-05-14 15:32:27.580322,,,,4,2,4,False,"Gilaaa keren banget tempatnya asri gitu,vibesnya kerennn,baksonya enak begete",
ChIJV8lYCqTxQS4R-QUYdZ3LX-Y,Saung HapHap,b191b341021f333096b50246b74bc84f,1,very delicious,a year ago,2023-05-14 15:32:27.582832,,,,1,1,,False,,
ChIJV8lYCqTxQS4R-QUYdZ3LX-Y,Saung HapHap,ead645dc9f1cadfc458188a9998a30eb,5,Very delicious,a year ago,2023-05-14 15:32:27.584858,,,,2,1,,False,Enak banget,
ChIJV8lYCqTxQS4R-QUYdZ3LX-Y,Saung HapHap,52efab6aa15e47b510dd6f8720d44c0d,5,Very delicious,a year ago,2023-05-14 15:32:27.586931,,,,2,1,,False,Enak banget,
ChIJV8lYCqTxQS4R-QUYdZ3LX-Y,Saung HapHap,21cc0de4fe1f6ab64b91dea6b7439f43,5,Its delicious,a year ago,2023-05-14 15:32:27.592472,,,,2,1,,False,Enakkkkkkkkk,
ChIJV8lYCqTxQS4R-QUYdZ3LX-Y,Saung HapHap,56ba93da14b6300548abf46699db3a99,5,the fish meatballs tasted and was a very cool place,a year ago,2023-05-14 15:32:27.594828,,,,2,1,,False,baso ikan terasa dan tempat yang sangat asik,
ChIJV8lYCqTxQS4R-QUYdZ3LX-Y,Saung HapHap,b2957a4be7723ba7e28305e37c851f3b,5,,a year ago,2023-05-14 15:32:27.596828,,,,0,,,,,
ChIJV8lYCqTxQS4R-QUYdZ3LX-Y,Saung HapHap,b1b8c17b6046e4a75a2dcebbb1f87744,5,"The place is cool, the food is delicious",a year ago,2023-05-14 15:32:27.598829,,,,2,2,1,False,"Tempat nya keren, makan nya enak",
ChIJV8lYCqTxQS4R-QUYdZ3LX-Y,Saung HapHap,9bdfe7d7a89af6d343376ad54a595ce1,5,Food,a year ago,2023-05-14 15:32:28.569695,,,,2,1,1,False,,
ChIJV8lYCqTxQS4R-QUYdZ3LX-Y,Saung HapHap,ac448b65aa05c368d47f3421158294d5,5,,a year ago,2023-05-14 15:32:28.572694,,,,0,,,,,
ChIJV8lYCqTxQS4R-QUYdZ3LX-Y,Saung HapHap,dfe3f0b1462748ed36ed5fe3d3b60fe3,5,"Well manteepppp, thats really great",a year ago,2023-05-14 15:32:28.575202,,,,2,1,1,False,"Yah manteepppp, mantap betul",
ChIJV8lYCqTxQS4R-QUYdZ3LX-Y,Saung HapHap,4cfb14310a99079f5712b84aae48d53c,5,"Mantul, Ive eaten here often, I think the seller is really nice too,",a year ago,2023-05-14 15:32:28.577205,,,,2,1,2,False,"Mantul udah sering makan di sini, rasanya ngenah penjual juga baik syekali,",
ChIJV8lYCqTxQS4R-QUYdZ3LX-Y,Saung HapHap,aa93783e66294bc0dc1d236f5d44d620,5,"Recommended for fish ball lovers. Eating on site is recommended, because you will be offered views of the rice fields of Tirtayasa Village. Great poll on the taste and atmosphere",a year ago,2023-05-14 15:32:28.580205,,,,3,19,21,True,"Rekomendasi untuk penikmat bakso ikan. Makan ditempat lebih disarankan, karena bakal disuguhkan pemandangan persawahan Desa Tirtayasa. Mantaap poll rasa dan suasananya",
ChIJV8lYCqTxQS4R-QUYdZ3LX-Y,Saung HapHap,e2efcc476c1b3f4bfdf203f9acae11e0,5,,a year ago,2023-05-14 15:32:28.583206,,,,0,,,,,
ChIJV8lYCqTxQS4R-QUYdZ3LX-Y,Saung HapHap,7cd7462cb16ee2004d2070f65154e55b,5,The fish balls taste really good,a year ago,2023-05-14 15:32:28.585710,,,,2,1,,False,Baso ikan terasa banget,
ChIJV8lYCqTxQS4R-QUYdZ3LX-Y,Saung HapHap,7b7c66aae73b67cc86405069952eeeb4,5,"Every Sunday night karaoke at Saung HapHap Lexaat meatballs... Great atmosphere, crazy cool...",a year ago,2023-05-14 15:32:28.588714,,,,1,3,,False,,
ChIJV8lYCqTxQS4R-QUYdZ3LX-Y,Saung HapHap,1eeff61a9d554d2ddbf857701b81f6c6,5,"The meatballs are delicious, the kuereeen is the place.... jossss",a year ago,2023-05-14 15:32:28.591222,,,,0,1,,False,"Uenak basonya, kuereeen tempatnya.... jossss",
ChIJV8lYCqTxQS4R-QUYdZ3LX-Y,Saung HapHap,3a32618c2f1bf755e7626c1029c55bc0,5,"Very suitable for bringing family, friends or girlfriends, really recommendedZzz...",a year ago,2023-05-14 15:32:28.594223,,,,2,2,2,False,Sangat cocok buat bawa keluarga.temen ataupun pacar recommended bangetttZzz...,
ChIJV8lYCqTxQS4R-QUYdZ3LX-Y,Saung HapHap,55c5692dbd97d0903683c30e0796d6d5,5,The place is really good...!,a year ago,2023-05-14 15:32:29.552918,,,,1,1,1,False,Tempatnya ok banget...!,
ChIJV8lYCqTxQS4R-QUYdZ3LX-Y,Saung HapHap,16f0bdf6fedfc00ef1b7a678e98b77c6,5,,a year ago,2023-05-14 15:32:29.556503,,,,0,,,,,
ChIJV8lYCqTxQS4R-QUYdZ3LX-Y,Saung HapHap,feba85e1d15db40c5431b8ee3277b68a,5,"The fish balls are really delicious, make you addicted, the fish also tastes good, suitable for eating with friends or with family, recommended",a year ago,2023-05-14 15:32:29.558523,,,,2,4,1,False,"Bakso ikan nya enak bgt, bikin nagih, ikan nya juga kerasa, cocok untuk makan bareng teman ataupun bareng keluarga, recomendded",
ChIJV8lYCqTxQS4R-QUYdZ3LX-Y,Saung HapHap,de4437ceafe56feb85e4267abc0f9c9e,5,"where else can you eat fish meatballs while karokean with friends and family, you dont need to ask about the taste and price, just come straight up Vegetarian options: Its delicious to order with bean sprouts",a year ago,2023-05-14 15:32:29.561600,,,,1,2,8,False,"dimana lagi bisa makan bakso ikan sambil karokean bareng temen sama keluarga, rasa dan harga enggak usah ditanya langsung saja merapat Vegetarian options: enak pesen pake tauge",
ChIJV8lYCqTxQS4R-QUYdZ3LX-Y,Saung HapHap,7290b0ae9d9245c7d43b4ddccbdbf7cb,5,"A place to eat delicious & delicious fish balls, highly recommended",a year ago,2023-05-14 15:32:29.564663,,,,2,1,6,False,Tempat makan baso ikan yg enak & lezat pokoke rekomen bgt dah,
ChIJ0-CJHPLxQS4Rq82vVWD-8tQ,OZON COFFEE & STUDIO,0d63daaa8ea9f516696493a1e157d369,5,Nagih Stop by here again tomorrow The service is good,10 months ago,2023-07-14 15:32:33.610291,,,,0,2,,False,,
ChIJ0-CJHPLxQS4Rq82vVWD-8tQ,OZON COFFEE & STUDIO,e8392de22bae1841a3ac273a30d3a9d5,5,"Dont forget to stop at the convection ozone after you have a good time, hehe",10 months ago,2023-07-14 15:32:33.613379,,,,0,1,,False,"Jangan lupa abis ngafe mampir juga ke ozon konveksinya yaa,, hehe",
ChIJ0-CJHPLxQS4Rq82vVWD-8tQ,OZON COFFEE & STUDIO,3af2dfde7a113dc9eeeaac03908fd05f,5,"Stop by, dont stop by",10 months ago,2023-07-14 15:32:33.616393,,,,0,15,19,False,Mampirlah masa ga mampir,
ChIJ0-CJHPLxQS4Rq82vVWD-8tQ,OZON COFFEE & STUDIO,e9b9d522d7a64442b0083861d77592da,5,"I often come here just to get rid of the confusion The place is comfortable, especially since there is live music",10 months ago,2023-07-14 15:32:33.618506,,,,0,26,35,False,,
ChIJ0-CJHPLxQS4Rq82vVWD-8tQ,OZON COFFEE & STUDIO,62974265069b4932d1fce61b838a4811,5,"Recommended place to hang out, lots of entertainment too, cheap prices Favorite menu is ozone sm seblak coffee   must try",10 months ago,2023-07-14 15:32:33.622070,,,,0,12,3,False,,
ChIJ0-CJHPLxQS4Rq82vVWD-8tQ,OZON COFFEE & STUDIO,74831dbae10f7abe92938b0ff26e4fec,5,,a year ago,2023-05-14 15:32:33.624109,,,,0,1,66,True,,
ChIJ0-CJHPLxQS4Rq82vVWD-8tQ,OZON COFFEE & STUDIO,a420de6570575f9d0dc7df1f6832ddb5,5,Gathering and breaking the fast with the 2023 OTSIDERS OF COLONIZED LAND BANTEN,a year ago,2023-05-14 15:32:33.626118,,,,7,3,10,False,Silaturrahmi dan buka puasa bersama OTSIDERS TANAH TERJAJAH BANTEN 2023,
ChIJ0-CJHPLxQS4Rq82vVWD-8tQ,OZON COFFEE & STUDIO,d027f7f78b60e2c53df657cbd13daa9f,4,,a year ago,2023-05-14 15:32:33.628575,,,,0,1,,False,,
ChIJ0-CJHPLxQS4Rq82vVWD-8tQ,OZON COFFEE & STUDIO,d8cc47450863c50e57f1bff0e0bfb3e2,1,Not recommended,a year ago,2023-05-14 15:32:33.631140,,,,0,818,173,True,Kurang rekomended,
ChIJ0-CJHPLxQS4Rq82vVWD-8tQ,OZON COFFEE & STUDIO,1c536e65d6a32c820332d33032ee6bf5,3,"The food is not good... the grilled meatballs are too spicy... some of the coffee is bitter, some of the cups are too small, the price is expensive, the coffee is 1.15 thousand... the music is good",a year ago,2023-05-14 15:32:33.633161,,,,0,5,3,False,Makanannya kurang enak.. bakso bakar terlalu pedas.. kopinya ada yg pait ada yg arep gelasnya terlalu kecil harganya mahal kopi 1 15 rb... musiknya mantap,
ChIJ0-CJHPLxQS4Rq82vVWD-8tQ,OZON COFFEE & STUDIO,240859068e912c123a1c96e0afc1b325,5,,a year ago,2023-05-14 15:32:34.582981,,,,0,5,20,True,,
ChIJ0-CJHPLxQS4Rq82vVWD-8tQ,OZON COFFEE & STUDIO,c677700fa463ac7975e57a7e8cc8171a,4,Sunday Night there is Live Music.,a year ago,2023-05-14 15:32:34.585019,,,,0,5,3,False,Minggu Malam ada Live Music.,
ChIJ0-CJHPLxQS4Rq82vVWD-8tQ,OZON COFFEE & STUDIO,f66a1cdb626e013cdf1ed91d24605837,5,Kereeen,a year ago,2023-05-14 15:32:34.588076,,,,0,280,2,False,,
ChIJ0-CJHPLxQS4Rq82vVWD-8tQ,OZON COFFEE & STUDIO,ba40c86c1d65d1316c7e5d48c32cbba5,5,"The place is nice, not too big but still comfortable, there are seats and chairs like in the picture. And of course there is the band itself, we can request songs too",a year ago,2023-05-14 15:32:34.589096,,,,3,21,26,True,"Tempatnya bagus, ga terlalu besar tapi tetep nyaman ada tempat duduk dan lesehan spt di gambar. Dan yang pasti ada band nya sendiri kita bisa req lagu juga",
ChIJ0-CJHPLxQS4Rq82vVWD-8tQ,OZON COFFEE & STUDIO,721e4e96d7d4e702831d50deda3a735d,4,,a year ago,2023-05-14 15:32:34.592647,,,,0,50,2,True,,
ChIJ0-CJHPLxQS4Rq82vVWD-8tQ,OZON COFFEE & STUDIO,8f8fcd66f272d300921b805e09fbb981,4,"Affordable prices, Cool place to hang out around Tirtayasa, The menu is quite extensive,",a year ago,2023-05-14 15:32:34.595420,,,,0,140,656,True,,
ChIJ0-CJHPLxQS4Rq82vVWD-8tQ,OZON COFFEE & STUDIO,bd48b9f7c6f165944bd89202ceb4e31a,5,Great,a year ago,2023-05-14 15:32:34.598128,,,,0,29,94,True,Mantap,
ChIJ0-CJHPLxQS4Rq82vVWD-8tQ,OZON COFFEE & STUDIO,ae0a923958f30e38eb20b876a8acb87b,5,,a year ago,2023-05-14 15:32:34.600178,,,,0,,,,,
ChIJ0-CJHPLxQS4Rq82vVWD-8tQ,OZON COFFEE & STUDIO,dc3f1556ecd24dd2d82e4ac610a36d4c,5,,a year ago,2023-05-14 15:32:34.601665,,,,0,14,11,True,,
ChIJ0-CJHPLxQS4Rq82vVWD-8tQ,OZON COFFEE & STUDIO,530e019cd1cc30ac99f746eeb00414a5,5,Nice xo cool,a year ago,2023-05-14 15:32:34.603927,,,,0,2,2,False,Bagus xo keren,
ChIJ0-CJHPLxQS4Rq82vVWD-8tQ,OZON COFFEE & STUDIO,1099198fedd1d33993281e90edecc16c,5,,a year ago,2023-05-14 15:32:35.536076,,,,0,4,3,False,,
ChIJ0-CJHPLxQS4Rq82vVWD-8tQ,OZON COFFEE & STUDIO,a32e3d58afc37369f01dcee7084f3229,1,,a year ago,2023-05-14 15:32:35.539162,,,,0,,,,,
ChIJ0-CJHPLxQS4Rq82vVWD-8tQ,OZON COFFEE & STUDIO,b8564205118669d8c894fa466dab0374,5,OZON CAFFEE & STUDIO is definitely really good,a year ago,2023-05-14 15:32:35.540169,,,,0,2,,False,OZON CAFFEE & STUDIO  yang pastinya Oke banget dah,
ChIJ0-CJHPLxQS4Rq82vVWD-8tQ,OZON COFFEE & STUDIO,03492782302bb589c4fa769bdf0f8265,5,"Every Saturday and Sunday night there is live music, great",a year ago,2023-05-14 15:32:35.543390,,,,1,2,,False,"Setiap malam sabtu dan minggu ada live music, mantap",
ChIJ0-CJHPLxQS4Rq82vVWD-8tQ,OZON COFFEE & STUDIO,476fbd445ff678f0779f782c39bd13e6,5,"The place is okay, there is live acoustics, ubebibebibalabala thats all for this cafe, continued success, bro",a year ago,2023-05-14 15:32:35.545421,,,,1,5,3,False,"Tempatnya oke, ada live akustiknya, ubebibebibalabala deh pokoknya buat cafe ini, sukses terus yaa kakaks",
ChIJ0-CJHPLxQS4Rq82vVWD-8tQ,OZON COFFEE & STUDIO,4f318ddfb4b1bad04d61b60d11941190,5,Really good,a year ago,2023-05-14 15:32:35.549455,,,,1,1,,False,Mantul,
ChIJ0-CJHPLxQS4Rq82vVWD-8tQ,OZON COFFEE & STUDIO,0e29951d906d15c045b6fbd094c67a96,5,Nice,a year ago,2023-05-14 15:32:35.551989,,,,0,1,,False,,
ChIJ0-CJHPLxQS4Rq82vVWD-8tQ,OZON COFFEE & STUDIO,fc475eac9ed4961d1b0bb989ec2f3fa2,5,,a year ago,2023-05-14 15:32:35.554033,,,,0,,,,,
ChIJ0-CJHPLxQS4Rq82vVWD-8tQ,OZON COFFEE & STUDIO,f1b882ae687f820a15ad19ac7ece1210,5,,a year ago,2023-05-14 15:32:35.556062,,,,0,,,,,
ChIJ0-CJHPLxQS4Rq82vVWD-8tQ,OZON COFFEE & STUDIO,b8b303072a8263522ab86aa027706b51,5,,a year ago,2023-05-14 15:32:35.558644,,,,0,2,,False,,
ChIJ4exY8HrxQS4RCvLvZR2vfCA,"Waroeng Kopi Abah, Juaranya Warkop!",14412506e50a68a9746ad8506908e7b1,5,Beautiful relaxed natural village atmosphere,a month ago,2024-04-14 15:32:49.433836,,,,0,40,3,True,Suasana santai alam desa yg asri,
ChIJ4exY8HrxQS4RCvLvZR2vfCA,"Waroeng Kopi Abah, Juaranya Warkop!",200b421ce4a40623e72ff52a1c0da28e,5,"Everyone there never lies Moreover, the coffee is really honest and tastes... The space? The mace is made and the movement is natural Thank you, Sis Afif, for providing the most comfortable discussion place for children who are almost dying",2 months ago,2024-03-14 15:32:49.436829,,,,0,3,,False,Semua yg disana g pernah bohong Apalagi kopi yg jujur bgt sm rasanya... Ruangnya? Gada yg d buat dan geraknya natural Terimakasih kak Afif sudah menghadirkan tempat diskusi paling nyaman buat anak yg hampir mati citanya,
ChIJ4exY8HrxQS4RCvLvZR2vfCA,"Waroeng Kopi Abah, Juaranya Warkop!",680c41aabb99fe5661c7870fb7c980d8,5,,5 months ago,2023-12-14 15:32:49.439922,,,,0,8,2,False,,
ChIJ4exY8HrxQS4RCvLvZR2vfCA,"Waroeng Kopi Abah, Juaranya Warkop!",020cae3022a203707ea69493bc4f446a,5,,7 months ago,2023-10-14 15:32:49.441921,,,,0,6,13,False,,
ChIJ4exY8HrxQS4RCvLvZR2vfCA,"Waroeng Kopi Abah, Juaranya Warkop!",c56f8ababfcc15e0c8beeaa25beda204,5,Thats great.,10 months ago,2023-07-14 15:32:49.443002,,,,0,5,4,False,Mantap lur.,
ChIJ4exY8HrxQS4RCvLvZR2vfCA,"Waroeng Kopi Abah, Juaranya Warkop!",9142b245c141d52d4edd80a80a48d2bc,5,,11 months ago,2023-06-14 15:32:49.445923,,,,0,15,95,True,,
ChIJ4exY8HrxQS4RCvLvZR2vfCA,"Waroeng Kopi Abah, Juaranya Warkop!",d5a1cbff0c0f62827d7f79fb74f52781,5,Before. We talked about it here. Warkop Abah. The meeting point between me and you. Until finally it becomes us. Warkop Abah. It will always be a memory and will always be a growing point for us.. Troubled at Abuya x Troubled at Warkop Abah (Get coffee + Advice + Prayers for blessings),11 months ago,2023-06-14 15:32:49.447922,Keep drinking coffee at the stall! #warkop friends,11 months ago,2023-06-14 15:32:49.447922,0,1,,False,Dulu. Kita pernah bercerita disini. Warkop Abah. Titik temu antara aku dan kamu. Sampai akhirnya menjadi kita. Warkop Abah. Akan selalu menjadi kenangan dan akan selalu menjadi titik tumbuh bagi kitaa.. Galau ke Abuya x Galau ke warkop Abah (Dapet kopi + Nasehat + Doa doa berkah),Tetap budayakan ngopi di warung! #sobatwarkop
ChIJ4exY8HrxQS4RCvLvZR2vfCA,"Waroeng Kopi Abah, Juaranya Warkop!",cde8a6d50266ca43c6373fe71c55967d,5,,11 months ago,2023-06-14 15:32:49.451982,,,,0,10,329,True,,
ChIJ4exY8HrxQS4RCvLvZR2vfCA,"Waroeng Kopi Abah, Juaranya Warkop!",969c06186b7ca11feec075074d5720de,5,"Looking for a real coffee taste, just go straight to Waroeng Kopi Abah",11 months ago,2023-06-14 15:32:49.453983,,,,3,2,5,False,"Mencari rasa kopi yang beneran kopi, langsung aja ke Waroeng Kopi Abah",
ChIJ4exY8HrxQS4RCvLvZR2vfCA,"Waroeng Kopi Abah, Juaranya Warkop!",00c18436c4c79d20b9ef6b3ec3f0095e,5,,11 months ago,2023-06-14 15:32:49.455983,,,,0,2,,False,,
ChIJ4exY8HrxQS4RCvLvZR2vfCA,"Waroeng Kopi Abah, Juaranya Warkop!",4b78f5e6b2f173a882da555cfafccc1b,5,"Waroeng Kopi Abah is one of the best places to hang out with friends, relatives, girlfriends and even family in Serang, Banten. The beautiful natural atmosphere really pampers the eyes of coffee lovers like a mirror in the clear sea. The humble service of the owner of Waroeng Kopi Abah, like a friend who always reminds you, can be a place to tell stories, exchange thoughts and suggestions. Always success Waroeng Kopi Abah, waiting for the newest and craziest breakthrough in the future",a year ago,2023-05-14 15:32:50.332702,,,,5,14,28,True,"Waroeng Kopi Abah merupakan salah satu tempat kongkow bareng temen, kerabat, pacar, bahkan keluarga yg paling worth it di Serang, Banten. Suasana alam yg asri sangat memanjakan mata penikmat kopi bak cermin di lautan jernih. Pelayanan owner Waroeng Kopi Abah yg humble, bagai seorang sahabat yg selalu mengingatkan, bisa sebagai tempat utk bercerita, bertukar ide dan gagasan. Sukses selalu Waroeng Kopi Abah, ditunggu gebrakan teranyar dan tergokil di hari nanti",
ChIJ4exY8HrxQS4RCvLvZR2vfCA,"Waroeng Kopi Abah, Juaranya Warkop!",89c4c4906fedc5ba0e3340e8028adc98,5,Very memorable,a year ago,2023-05-14 15:32:50.336451,,,,1,2,7,False,Sangat berkesan,
ChIJ4exY8HrxQS4RCvLvZR2vfCA,"Waroeng Kopi Abah, Juaranya Warkop!",ae5061284773d832825ad19ed20a9779,5,Excellent,a year ago,2023-05-14 15:32:50.339486,,,,0,2,3,False,Mantap,
ChIJ4exY8HrxQS4RCvLvZR2vfCA,"Waroeng Kopi Abah, Juaranya Warkop!",2a189844e4cce9a393524ce404317d26,5,Iyews are firm,a year ago,2023-05-14 15:32:50.342571,,,,0,1,,False,Iyews mantep Parking: Slow,
ChIJ4exY8HrxQS4RCvLvZR2vfCA,"Waroeng Kopi Abah, Juaranya Warkop!",5660c4d32c1136156c991df2aa26aaa9,5,Jos pokonama!,a year ago,2023-05-14 15:32:50.346135,,,,0,2,2,False,Jos pokonamah!,
ChIJ4exY8HrxQS4RCvLvZR2vfCA,"Waroeng Kopi Abah, Juaranya Warkop!",d7e243f4bf5468c666e091bb7f71b50c,5,"Those who do not know, become known.",a year ago,2023-05-14 15:32:50.348166,,,,0,3,3,False,"Sing waune boten uning, dados uning.",
ChIJ4exY8HrxQS4RCvLvZR2vfCA,"Waroeng Kopi Abah, Juaranya Warkop!",e5e4c0d1bea7ec98bd8aefe8e4b8be62,5,Top house!,a year ago,2023-05-14 15:32:50.351263,,,,0,1,5,False,Top pokonamah!,
ChIJ4exY8HrxQS4RCvLvZR2vfCA,"Waroeng Kopi Abah, Juaranya Warkop!",e16423049ed9589e23a69e0200a1655c,5,Good Place,a year ago,2023-05-14 15:32:50.354292,,,,0,6,28,True,,
ChIJ4exY8HrxQS4RCvLvZR2vfCA,"Waroeng Kopi Abah, Juaranya Warkop!",a80ff44ea071a72d56fe100222c07d68,5,Fun place to hang out with friends,a year ago,2023-05-14 15:32:50.358909,,,,0,5,5,False,Tempat seru buat nongkrong sama teman-teman,
ChIJ4exY8HrxQS4RCvLvZR2vfCA,"Waroeng Kopi Abah, Juaranya Warkop!",733d3728106aa19b1825d523a60b7297,5,"Fun, luxurious place, close to rice fields. Calm and happy.",a year ago,2023-05-14 15:32:50.362575,,,,0,2,4,False,"Tempat asyik, mewah, mepet sawah. Tenang dan bahagia.",
ChIJ4exY8HrxQS4RCvLvZR2vfCA,"Waroeng Kopi Abah, Juaranya Warkop!",29ba33e43ab2a7ac4f346f636c838334,5,Its a cozy place for millennials to hang out,a year ago,2023-05-14 15:32:51.273457,,,,0,2,1,False,Tempatnya cozy untuk nongkrong bagi nak milenial,
ChIJ4exY8HrxQS4RCvLvZR2vfCA,"Waroeng Kopi Abah, Juaranya Warkop!",45afa98aa37b9ba1ad8afef72319fde7,5,Very nostalgic for childhood,a year ago,2023-05-14 15:32:51.276911,,,,0,10,10,False,Nostalgia banget sama masa kecil,
ChIJ4exY8HrxQS4RCvLvZR2vfCA,"Waroeng Kopi Abah, Juaranya Warkop!",83170aa3c1509d953539a0d552162278,5,,2 years ago,2022-05-14 15:32:51.279977,,,,0,4,,False,,
ChIJ4exY8HrxQS4RCvLvZR2vfCA,"Waroeng Kopi Abah, Juaranya Warkop!",2c98d68ed5dfd322fb211d99375862e2,5,"A modern coffee shop, it feels like its very loud. The place is comfortable and strategic",2 years ago,2022-05-14 15:32:51.281986,,,,2,6,31,False,"Warung kopi kekinian, rasanya nampol bingit. Tempatnya Nyaman dan strategis",
ChIJ4exY8HrxQS4RCvLvZR2vfCA,"Waroeng Kopi Abah, Juaranya Warkop!",2489878bd6e827561f80a38b21501d79,5,The coffee is delicious,2 years ago,2022-05-14 15:32:51.283994,,,,2,1,1,False,Kopine enak,
ChIJ4exY8HrxQS4RCvLvZR2vfCA,"Waroeng Kopi Abah, Juaranya Warkop!",f1161949da0b3d7045898b52fc9f0f15,4,Friendly prices + good for gatherings,2 years ago,2022-05-14 15:32:51.286254,,,,1,1,1,False,Harga bersahabat+enak buat kumpul-kumpul,
ChIJ4exY8HrxQS4RCvLvZR2vfCA,"Waroeng Kopi Abah, Juaranya Warkop!",56aa3b59ef8075e2936dfdaee8baf36a,5,"There are lots of drink variants, Taro is delicious!",2 years ago,2022-05-14 15:32:51.288266,,,,7,1,2,False,"Varian minumannya banyak, Taro nyaa enakk!",
ChIJ4exY8HrxQS4RCvLvZR2vfCA,"Waroeng Kopi Abah, Juaranya Warkop!",e8cc54b340f07fff8c74a950a5e32a2b,1,,2 years ago,2022-05-14 15:32:51.291369,"Please provide a review that is appropriate to our place, the photos you uploaded and the menus displayed by you are not at our place at all.",a year ago,2023-05-14 15:32:51.291369,0,7,,False,,"Tolong berikan ulasan yang sesuai dengan tempat kami, foto yang anda unggah dan menu-menu yang ditampilkan oleh anda itu sama sekali tidak ada di tempat kami."
ChIJzY8abeHxQS4Rwdcl4aw9FU4,toko makanan,f443e7e6f3e4cdc9298d1e809d343e81,5,okay,5 years ago,2019-05-14 15:33:15.474945,,,,0,71,48,True,okee,
ChIJzY8abeHxQS4Rwdcl4aw9FU4,toko makanan,804083dea92604f29a2a68c4a9309414,5,Good and steady,6 years ago,2018-05-14 15:33:15.478130,,,,1,1,6,False,Bagus dan mantaf,
ChIJybwBqUbwQS4R1BFKKR_3JDc,Tirtayasa Street Food,f6ae2f936d2d113ff7020e83f865adc7,5,"Nasi uduk yang khas, serta pelayanan yang ramah. Semoga dapat menjadi berkah Kid-friendliness: Konsumsi sayur-sayuran dapat menyehatkan tubuh",8 months ago,2023-09-14 15:31:49.859461,,,,3,27,11,True,"Typical uduk rice, and friendly service. Hopefully it can be a blessing Kid-friendliness: Consuming vegetables can make the body healthy",
ChIJybwBqUbwQS4R1BFKKR_3JDc,Tirtayasa Street Food,43824de905df0ab53da69892848b4da0,5,,a year ago,2023-05-14 15:31:49.862683,,,,0,1,1,False,,
ChIJybwBqUbwQS4R1BFKKR_3JDc,Tirtayasa Street Food,2b57810b6bbe4218b6de7f89e368b5fa,5,Murah meriah,a year ago,2023-05-14 15:31:49.865333,,,,0,37,10,True,Cheap,
ChIJybwBqUbwQS4R1BFKKR_3JDc,Tirtayasa Street Food,7e21e0c100674533fdad6fdd0cd9b49d,1,Pengajian,a year ago,2023-05-14 15:31:49.868834,,,,0,5,8,True,Study,
ChIJybwBqUbwQS4R1BFKKR_3JDc,Tirtayasa Street Food,7df025264cd751f04cc67866f10d8e2e,5,,a year ago,2023-05-14 15:31:49.873137,,,,0,1,66,True,,
ChIJybwBqUbwQS4R1BFKKR_3JDc,Tirtayasa Street Food,ab2a6c1b99fdfb86ed49f99ca7137d74,5,,3 years ago,2021-05-14 15:31:49.875146,,,,0,8,5,False,,
ChIJybwBqUbwQS4R1BFKKR_3JDc,Tirtayasa Street Food,d0cdb37c4f0fa293ffa4376e4e94b696,5,ok,3 years ago,2021-05-14 15:31:49.877423,,,,0,123,868,True,,
ChIJybwBqUbwQS4R1BFKKR_3JDc,Tirtayasa Street Food,3f14756ad8116054f522cd07b646a4e2,4,,3 years ago,2021-05-14 15:31:49.880475,,,,0,,,,,
ChIJybwBqUbwQS4R1BFKKR_3JDc,Tirtayasa Street Food,4aaff58aae23e2cc738a691371e176a1,5,,3 years ago,2021-05-14 15:31:49.882492,,,,0,51,55,True,,
ChIJybwBqUbwQS4R1BFKKR_3JDc,Tirtayasa Street Food,5f16516e139760dc4beaa35e4583e61c,4,,4 years ago,2020-05-14 15:31:49.884514,,,,0,13,128,True,,
ChIJybwBqUbwQS4R1BFKKR_3JDc,Tirtayasa Street Food,55232e740bbcf4fe62b980d1cba6e01f,5,,4 years ago,2020-05-14 15:31:50.636339,,,,0,9,164,True,,
ChIJybwBqUbwQS4R1BFKKR_3JDc,Tirtayasa Street Food,0c942eb0ef1339005c9b7c7e266d484d,2,,4 years ago,2020-05-14 15:31:50.638518,,,,0,,,,,
ChIJybwBqUbwQS4R1BFKKR_3JDc,Tirtayasa Street Food,b9e8b8a7b21696f132d3042bc893d9bc,5,,4 years ago,2020-05-14 15:31:50.640643,,,,0,,,,,
ChIJybwBqUbwQS4R1BFKKR_3JDc,Tirtayasa Street Food,6fd579f8c5648505ff69b197b052e372,3,Kawasan Wisata Religi,4 years ago,2020-05-14 15:31:50.642665,,,,0,2,,False,Religious Tourism Area,
ChIJybwBqUbwQS4R1BFKKR_3JDc,Tirtayasa Street Food,aec284116b14d8f8c2ca88c17ce160fa,3,,4 years ago,2020-05-14 15:31:50.645192,,,,0,,,,,
ChIJybwBqUbwQS4R1BFKKR_3JDc,Tirtayasa Street Food,14484172a3c7d81439c371945022eab1,5,Ajibbbb okey...!!!!,4 years ago,2020-05-14 15:31:50.647207,,,,0,5,8,True,Ajibbbb okay...!!!!,
ChIJybwBqUbwQS4R1BFKKR_3JDc,Tirtayasa Street Food,06628740553e81f388ae18468fc9f41b,3,Mengenang masa dulu,4 years ago,2020-05-14 15:31:50.649280,,,,0,52,11,True,Reminiscing about the past,
ChIJybwBqUbwQS4R1BFKKR_3JDc,Tirtayasa Street Food,f33443ffc5215e485db6ca4375edf37b,5,,4 years ago,2020-05-14 15:31:50.652348,,,,0,2,12,False,,
ChIJybwBqUbwQS4R1BFKKR_3JDc,Tirtayasa Street Food,23fe7de100171d002c67bdae7afd6de3,5,,4 years ago,2020-05-14 15:31:50.653353,,,,0,2,2,False,,
ChIJybwBqUbwQS4R1BFKKR_3JDc,Tirtayasa Street Food,a30870999fa9cb7ae27b0343c617e516,5,,4 years ago,2020-05-14 15:31:50.655952,,,,0,2,20,False,,
ChIJybwBqUbwQS4R1BFKKR_3JDc,Tirtayasa Street Food,c37acd05aa52dc23a691094f8c1e4a30,2,Lumayan,4 years ago,2020-05-14 15:31:51.438789,,,,0,300,194,True,Reasonable,
ChIJybwBqUbwQS4R1BFKKR_3JDc,Tirtayasa Street Food,290a5347514d77fb304aa3f9261ee60d,5,,4 years ago,2020-05-14 15:31:51.441805,,,,0,1,,False,,
ChIJybwBqUbwQS4R1BFKKR_3JDc,Tirtayasa Street Food,e473c2ed7472a9b295bf977454cc8aea,5,,5 years ago,2019-05-14 15:31:51.443808,,,,0,,,,,
ChIJybwBqUbwQS4R1BFKKR_3JDc,Tirtayasa Street Food,979e23a9d92d5a48c68d3365f1f06676,5,Indomaret Sujung Tirtayasa,5 years ago,2019-05-14 15:31:51.445874,,,,0,7,34,True,,
ChIJybwBqUbwQS4R1BFKKR_3JDc,Tirtayasa Street Food,bd73eba9089f01de92b98002b7465053,5,Tempat saya di lahirkan,5 years ago,2019-05-14 15:31:51.448185,,,,0,20,,True,The place I was born,
ChIJybwBqUbwQS4R1BFKKR_3JDc,Tirtayasa Street Food,2b511cb4d1add1fe06b033a854ba47ff,5,,5 years ago,2019-05-14 15:31:51.450432,,,,0,46,344,True,,
ChIJybwBqUbwQS4R1BFKKR_3JDc,Tirtayasa Street Food,ff64686a3562ef1b8169a13d5ca34317,5,Lupaaa,5 years ago,2019-05-14 15:31:51.452587,,,,0,91,185,True,,
ChIJybwBqUbwQS4R1BFKKR_3JDc,Tirtayasa Street Food,e059a95698f9c098312d86bfc0645c2b,4,Slow,5 years ago,2019-05-14 15:31:51.455488,,,,0,10,12,False,,
ChIJybwBqUbwQS4R1BFKKR_3JDc,Tirtayasa Street Food,5c2a70bc500c42e5adf4a023ffe89d45,4,Tempatnya bersih pelayananya ramah,5 years ago,2019-05-14 15:31:51.457495,,,,0,5,7,False,"The place is clean, the service is friendly",
ChIJybwBqUbwQS4R1BFKKR_3JDc,Tirtayasa Street Food,5b8520b8d1e5b5e712ec9686b3b26132,4,Tempat mudah di jangkau karna berada di jalan raya,5 years ago,2019-05-14 15:31:51.460018,,,,0,3,1,False,The place is easy to reach because it is on the main road,
ChIJybwBqUbwQS4R1BFKKR_3JDc,Tirtayasa Street Food,43afbd8f95731d9d359cb26d025a1f68,5,,5 years ago,2019-05-14 15:31:52.194811,,,,0,1,3,False,,
ChIJybwBqUbwQS4R1BFKKR_3JDc,Tirtayasa Street Food,6babd7a263773e9a0786992778288332,3,Lumayan lah,5 years ago,2019-05-14 15:31:52.196325,,,,0,16,7,True,Thats not bad,
ChIJybwBqUbwQS4R1BFKKR_3JDc,Tirtayasa Street Food,caad572904371b824c9bb4acb2685a24,3,,5 years ago,2019-05-14 15:31:52.199372,,,,0,,,,,
ChIJybwBqUbwQS4R1BFKKR_3JDc,Tirtayasa Street Food,41642361bbc631f861af18a087e61fac,5,Karna disini ada ba makan enak,5 years ago,2019-05-14 15:31:52.201948,,,,0,3,,False,Because there is delicious food here,
ChIJybwBqUbwQS4R1BFKKR_3JDc,Tirtayasa Street Food,2be6ccfc9a3a2562a449d3fff3096efe,3,,5 years ago,2019-05-14 15:31:52.203966,,,,0,3,51,True,,
ChIJybwBqUbwQS4R1BFKKR_3JDc,Tirtayasa Street Food,cdec6419a8e48b6e67d9f55b76746f58,1,,6 years ago,2018-05-14 15:31:52.205981,,,,0,1,1,False,,
ChIJybwBqUbwQS4R1BFKKR_3JDc,Tirtayasa Street Food,212ffed0872348e52f043c8536c9e3c9,4,,6 years ago,2018-05-14 15:31:52.207987,,,,0,3,,False,,
ChIJybwBqUbwQS4R1BFKKR_3JDc,Tirtayasa Street Food,aa923002fe51a307bc507825cca9cf7d,2,,6 years ago,2018-05-14 15:31:52.210051,,,,0,5,,True,,
ChIJybwBqUbwQS4R1BFKKR_3JDc,Tirtayasa Street Food,26ded687669f7030650b910b481ece11,5,,6 years ago,2018-05-14 15:31:52.212554,,,,0,2,,False,,
ChIJybwBqUbwQS4R1BFKKR_3JDc,Tirtayasa Street Food,dc5c739791d38855a640579c64183692,5,,6 years ago,2018-05-14 15:31:52.213556,,,,0,35,6,True,,
ChIJybwBqUbwQS4R1BFKKR_3JDc,Tirtayasa Street Food,a9c4be1e00bc9894521205addb433a87,4,,6 years ago,2018-05-14 15:31:52.912120,,,,0,14,26,True,,
ChIJybwBqUbwQS4R1BFKKR_3JDc,Tirtayasa Street Food,b8d6f3bcbfcb10e8ee07e145ad0ff55f,5,,6 years ago,2018-05-14 15:31:52.914153,,,,0,16,,False,,
ChIJybwBqUbwQS4R1BFKKR_3JDc,Tirtayasa Street Food,2afcb4928df177ee5226b2ab58cfdfc4,5,mantap,6 years ago,2018-05-14 15:31:52.916156,,,,0,2,1,False,Excellent,
ChIJybwBqUbwQS4R1BFKKR_3JDc,Tirtayasa Street Food,54571510e4e252a0ed75a093ae4c9c5f,4,,6 years ago,2018-05-14 15:31:52.918315,,,,0,,,,,
ChIJybwBqUbwQS4R1BFKKR_3JDc,Tirtayasa Street Food,4e74ed627d46440c9ae086c5a08c21d1,5,"Pelayanan ramah harga murah,dan makanannya nikmat",6 years ago,2018-05-14 15:31:52.920349,,,,0,5,1,False,"Friendly service, cheap prices, and the food is delicious",
ChIJybwBqUbwQS4R1BFKKR_3JDc,Tirtayasa Street Food,a57f54aba53105cf93f60e702108ea16,5,,6 years ago,2018-05-14 15:31:52.922354,,,,0,3,8,False,,
ChIJL4ys1IXxQS4R5xQogzff-w4,kopi nusantara,09dce719880fc62d1b42469c6dbc6d58,5,,2 weeks ago,2024-04-30 15:32:36.670982,,,,0,36,37,True,,
ChIJL4ys1IXxQS4R5xQogzff-w4,kopi nusantara,77a51fe06939ea4ef6c60991b84f73cf,5,Recommended is the best cafe,a month ago,2024-04-14 15:32:36.673694,,,,1,2,,False,Rekomended lah cafe terbaik,
ChIJL4ys1IXxQS4R5xQogzff-w4,kopi nusantara,6b7259569a4d7e420a9ac1b37980fea9,5,,3 months ago,2024-02-14 15:32:36.675760,,,,0,8,35,True,,
ChIJL4ys1IXxQS4R5xQogzff-w4,kopi nusantara,6200eb4dea8dcf681c5fb3749f1ca017,4,,5 months ago,2023-12-14 15:32:36.677825,,,,0,18,17,True,,
ChIJL4ys1IXxQS4R5xQogzff-w4,kopi nusantara,6cd3f41cc2827548659c92328ac540a0,4,,5 months ago,2023-12-14 15:32:36.679812,,,,0,1,,False,,
ChIJL4ys1IXxQS4R5xQogzff-w4,kopi nusantara,ded78874841c37c544b7b15177a4e7fe,5,,6 months ago,2023-11-14 15:32:36.681707,,,,0,5,6,False,,
ChIJL4ys1IXxQS4R5xQogzff-w4,kopi nusantara,b39c8db0f4a744ebefaa333cb5bf65a0,5,,7 months ago,2023-10-14 15:32:36.684728,,,,0,,,,,
ChIJL4ys1IXxQS4R5xQogzff-w4,kopi nusantara,2c4e85851d4ee895ffdde112e4857af6,5,,9 months ago,2023-08-14 15:32:36.686728,,,,0,4,2,False,,
ChIJL4ys1IXxQS4R5xQogzff-w4,kopi nusantara,63108d37fbc0f8f5217c7195fe326d21,5,Coffee shop on the outskirts of Caffe Gedongan with popular prices... lots of coffee menu choices made by experienced baristas,a year ago,2023-05-14 15:32:36.688715,,,,2,9,9,True,"Kedai kopi pinggiran cita rasa caffe gedongan soal harga merakyat,,, banyak pilihan menu kopi racikan barista berpengalaman",
ChIJL4ys1IXxQS4R5xQogzff-w4,kopi nusantara,30896a346de10ce24aca730e42240725,5,,a year ago,2023-05-14 15:32:36.690715,,,,0,3,7,False,,
ChIJL4ys1IXxQS4R5xQogzff-w4,kopi nusantara,7dd9f82544ccafafef0d2768457fe0ab,5,,a year ago,2023-05-14 15:32:37.624203,,,,0,3,,False,,
ChIJL4ys1IXxQS4R5xQogzff-w4,kopi nusantara,e10ded9846d93b373988b7e99d0fcebd,5,The place is relaxing hahaha...,a year ago,2023-05-14 15:32:37.626209,,,,0,1,2,False,Tempatnya santuy ngab wkwkwk ...,
ChIJL4ys1IXxQS4R5xQogzff-w4,kopi nusantara,6d2c375538734d5c40f28c04192957b7,5,"Really worth it for gatherings, the coffee is varied with authentic flavors, the price doesnt break the bank",a year ago,2023-05-14 15:32:37.628275,,,,1,1,22,False,"Wort it banget untuk kumpul2, kopinya variatif dengan rasa yang otentik, harganya ga bikin dompet jebol",
ChIJL4ys1IXxQS4R5xQogzff-w4,kopi nusantara,122b708153bc623b6dc854905ecded7a,5,,a year ago,2023-05-14 15:32:37.630807,,,,0,50,2,True,,
ChIJL4ys1IXxQS4R5xQogzff-w4,kopi nusantara,297035900d0ed48691b242f5e6690d82,5,,a year ago,2023-05-14 15:32:37.633906,,,,0,4,,False,,
ChIJL4ys1IXxQS4R5xQogzff-w4,kopi nusantara,4731cbe2a7d8800921f7c581d66695d5,5,,a year ago,2023-05-14 15:32:37.636007,,,,0,2,72,True,,
ChIJL4ys1IXxQS4R5xQogzff-w4,kopi nusantara,a9890a3c197c53a5856800d11aa43f7b,5,"Excellent Please stop by Economical price, bombastic taste",a year ago,2023-05-14 15:32:37.638028,,,,1,56,75,True,,
ChIJL4ys1IXxQS4R5xQogzff-w4,kopi nusantara,fad6f75ac86968f6f64f004fd2b8fbd4,5,,a year ago,2023-05-14 15:32:37.640054,,,,0,1,14,False,,
ChIJL4ys1IXxQS4R5xQogzff-w4,kopi nusantara,ce7e29d9f495ae70bef35fe32ab18ca7,5,"Even though the place is relatively small, the quality of the latte taste does not disappoint. And it could be the only coffee shop in the area. Suitable for relaxing in the afternoon.",2 years ago,2022-05-14 15:32:37.642619,,,,0,180,109,True,"Meskipu tempat tergolong kecil, tapi kwalitas rasa Latte nya tidak mengecewakan. Dan bisa jadi satu2 nya kedai kopi di daerahnya. Cocok untuk santai sore hari.",
ChIJL4ys1IXxQS4R5xQogzff-w4,kopi nusantara,385b7666cb5b253a9399406aba8e6d2a,5,Ruarrrrrordinary starting from welcoming customers to making GREAT coffee... Thanks Owner KOPI NUSANTARA,2 years ago,2022-05-14 15:32:37.644686,,,,0,1,,False,,
ChIJL4ys1IXxQS4R5xQogzff-w4,kopi nusantara,348bc5796a27e76eca808c7e30822a02,4,"Streetside atmosphere, quite good snacks at affordable prices for young people",2 years ago,2022-05-14 15:32:39.238916,,,,1,24,60,True,"Suasana pinggir jalan, jajanan lumayan pas sesuai harga terjangkau buat anak2 muda mudi",
ChIJL4ys1IXxQS4R5xQogzff-w4,kopi nusantara,624f1ac056b679bd65c6e908703e8506,5,"Awesome, delicious coffee",2 years ago,2022-05-14 15:32:39.241608,,,,0,12,15,True,Mantap kopinya enak,
ChIJL4ys1IXxQS4R5xQogzff-w4,kopi nusantara,3083a32a2c224803e8405c20ff7a0413,5,"A cafe class shop with village prices for people, suitable for a relaxing place, a strategic outdoor location in Ase Alam, you know, its nice, sepoy. Those who have tried it are still holding out on being regulars, and those who have never tried it, taste the deliciousness of all the various drinks at the NUSANTARA COFFEE shop, great",2 years ago,2022-05-14 15:32:39.243546,,,,1,1,,False,"Kedai kelas caffe harga desa merakyat, cocok utk tmpt santuy tmpt strategis outdoor Ase Alam lho enak sepoy. Yg udh prnh msh beratahan jd langganan, dan yg belum prnh d coba rasakan ke enakan semua aneka minuman d kedai KOPI NUSANTARA mantap",
ChIJL4ys1IXxQS4R5xQogzff-w4,kopi nusantara,5e58ba32840bcaee143639388572b60b,5,Excellent,2 years ago,2022-05-14 15:32:39.245669,,,,1,2,,False,Mantap,
ChIJL4ys1IXxQS4R5xQogzff-w4,kopi nusantara,dc1524e1f212a2b9327e9a84981faa9c,5,,3 years ago,2021-05-14 15:32:39.248750,,,,0,2,26,True,,
ChIJL4ys1IXxQS4R5xQogzff-w4,kopi nusantara,ba836bd4aa278b913f2a7c6e1cf1441e,5,,3 years ago,2021-05-14 15:32:39.250850,,,,0,2,2,False,,
ChIJL4ys1IXxQS4R5xQogzff-w4,kopi nusantara,74fbcdf9b22f4a1926011e9b228f7dd3,3,The right place to sip coffee when you need inspiration,3 years ago,2021-05-14 15:32:39.252386,,,,2,3,,False,Tempat yg tepat seruput kopi disaat butuh inspirasi,
ChIJL4ys1IXxQS4R5xQogzff-w4,kopi nusantara,dd93e9f816d2c64aa10734045942e2b7,5,Awesome anyway,3 years ago,2021-05-14 15:32:39.254502,,,,1,7,39,True,Mantap pokoke,
ChIJL4ys1IXxQS4R5xQogzff-w4,kopi nusantara,32f48c2d507bb9b3fda32df0b45d46c2,5,Very strategic location towards Jl. Pontang tirtayasa,3 years ago,2021-05-14 15:32:39.257511,,,,0,3,9,False,Lokasi sangat strategis menuju jl. Pontang tirtayasa,
ChIJEzUp0WbwQS4RsVBCDkQg5mQ,Alfamart SA Tirtayasa,89ec907ea7ca2f5296a18593585c79fd,5,"The parking area is spacious, suitable for shopping for daily necessities, and the place is comfortable",a month ago,2024-04-14 15:33:24.203955,,,,0,24,20,True,"Area parkir luas, cocok untuk berbelanja kebutuhan sehari-hari, dan nyaman tempat nya",
ChIJEzUp0WbwQS4RsVBCDkQg5mQ,Alfamart SA Tirtayasa,f8b88de0e669b3669431e6e4e069d529,4,Not bad for the service,3 months ago,2024-02-14 15:33:24.205988,,,,0,51,23,True,Lumayan untuk pelayanan nya,
ChIJEzUp0WbwQS4RsVBCDkQg5mQ,Alfamart SA Tirtayasa,2f134682aade2bd6c26c4b168373337b,5,Good service and friendly workers,9 months ago,2023-08-14 15:33:24.209291,,,,1,99,16,True,Pelayanan baik dan ramah pekerjanya,
ChIJEzUp0WbwQS4RsVBCDkQg5mQ,Alfamart SA Tirtayasa,06429d9fa6b02485bcddb9d5c407c615,5,Very top,9 months ago,2023-08-14 15:33:24.211289,,,,0,23,22,True,Top banget,
ChIJEzUp0WbwQS4RsVBCDkQg5mQ,Alfamart SA Tirtayasa,a2302b0515e0b356b4684759f7407e1f,5,The Alfa is complete for the size in the area,10 months ago,2023-07-14 15:33:24.213963,,,,0,173,76,True,Alfa nya lengkap untuk ukuran di daerah,
ChIJEzUp0WbwQS4RsVBCDkQg5mQ,Alfamart SA Tirtayasa,c6bd0c7ac822d9e4a73b2eb897bb9de4,5,The service is friendly,a year ago,2023-05-14 15:33:24.216971,,,,0,1,,False,Pelayanan nya ramah,
ChIJEzUp0WbwQS4RsVBCDkQg5mQ,Alfamart SA Tirtayasa,8614b2c7097eeefb833751e1a85e2902,5,"Yes, very satisfied with the friendliness of the service",a year ago,2023-05-14 15:33:24.219964,,,,0,5,,False,Ya sangat puas keramahan pelayanya,
ChIJEzUp0WbwQS4RsVBCDkQg5mQ,Alfamart SA Tirtayasa,2f73240a94c9669d0697bb27b61e580a,5,My service said it was great,a year ago,2023-05-14 15:33:24.220978,,,,0,15,230,True,Pelayanan saya bilang mantap,
ChIJEzUp0WbwQS4RsVBCDkQg5mQ,Alfamart SA Tirtayasa,3f7790b51c29eb7fbd2b4fb658726df3,3,,a year ago,2023-05-14 15:33:24.224983,,,,0,5,24,False,,
ChIJEzUp0WbwQS4RsVBCDkQg5mQ,Alfamart SA Tirtayasa,8a95730819c35d135ca02a3179c33d17,5,,2 years ago,2022-05-14 15:33:24.226993,,,,0,2,4,False,,
ChIJEzUp0WbwQS4RsVBCDkQg5mQ,Alfamart SA Tirtayasa,7eed28602c04ed44b1a281d3985b90d4,5,,3 years ago,2021-05-14 15:33:25.100964,,,,0,3,,False,,
ChIJEzUp0WbwQS4RsVBCDkQg5mQ,Alfamart SA Tirtayasa,1b24e79cf085395cd678692630026371,2,"The place is quite good, good luck, brother",3 years ago,2021-05-14 15:33:25.102977,,,,0,5,,False,Tempat nya lumayan smoga berkah ya kakak,
ChIJEzUp0WbwQS4RsVBCDkQg5mQ,Alfamart SA Tirtayasa,ea5416fc3f8e714032d14ec8529e0794,4,,3 years ago,2021-05-14 15:33:25.106078,,,,0,8,35,True,,
ChIJEzUp0WbwQS4RsVBCDkQg5mQ,Alfamart SA Tirtayasa,a955ac7d960e31855f0ec2fc37df4ffd,2,The internet network is often offline,3 years ago,2021-05-14 15:33:25.108084,,,,0,16,7,True,Jaringan internetnya sering offline,
ChIJEzUp0WbwQS4RsVBCDkQg5mQ,Alfamart SA Tirtayasa,d6ed9922796e1935cb584db031f47196,4,Service is quite friendly,3 years ago,2021-05-14 15:33:25.110503,,,,0,47,17,True,Pelayanan lumayan ramah,
ChIJEzUp0WbwQS4RsVBCDkQg5mQ,Alfamart SA Tirtayasa,adce5c154b081a29b43ba77f9721c7ab,4,Its good that there are seats too... but the front isnt clean,3 years ago,2021-05-14 15:33:25.112507,,,,0,91,185,True,Bagus ada tempat duduknya juga... tapi depannya ga bersih,
ChIJEzUp0WbwQS4RsVBCDkQg5mQ,Alfamart SA Tirtayasa,315468ac33946c88cbcf15bf2a74f86d,5,"Still located in the countryside, there are places to sit, nice buildings",5 years ago,2019-05-14 15:33:25.114837,,,,0,12,35,True,"Masih terletak di pedesaan,, terdapat tempat duduknya,, bangunan bagaus",
ChIJEzUp0WbwQS4RsVBCDkQg5mQ,Alfamart SA Tirtayasa,c6a4beff7c92841c3257a11469e12a24,4,"Well, like most Alfamart places, the appearance is like that, its already good.",5 years ago,2019-05-14 15:33:25.118138,,,,0,30,22,True,Yah seperti kebanyakan alfamart tempatnya tampilannya kaya gitu gitu ajah udah bagus sih.,
ChIJU3DMv8nvQS4RSg_Z0Ek3QLc,Perahu Bosok Melan Baros,c388b36e9fe204b0d39c8c4595d2ac03,5,,a year ago,2023-05-14 15:32:53.598527,,,,0,2,10,False,,
ChIJU3DMv8nvQS4RSg_Z0Ek3QLc,Perahu Bosok Melan Baros,be101c1db6fbd5502133aa78de4c7af6,5,,a year ago,2023-05-14 15:32:53.601055,,,,0,1,,False,,
ChIJU3DMv8nvQS4RSg_Z0Ek3QLc,Perahu Bosok Melan Baros,4296b7a81a5b861153e2e5c7ad5872f2,5,Ok,2 years ago,2022-05-14 15:32:53.603085,,,,0,5,,False,,
ChIJU3DMv8nvQS4RSg_Z0Ek3QLc,Perahu Bosok Melan Baros,0015d63e2652c03cb97b5f16e0c2da7d,4,,2 years ago,2022-05-14 15:32:53.605136,,,,0,13,128,True,,
ChIJU3DMv8nvQS4RSg_Z0Ek3QLc,Perahu Bosok Melan Baros,bc5542e5ae7182648087732f29d41b90,2,,2 years ago,2022-05-14 15:32:53.607165,,,,0,1,2,False,,
ChIJU3DMv8nvQS4RSg_Z0Ek3QLc,Perahu Bosok Melan Baros,30d8ad7c057f14a8d07356b2b1c8c28e,5,"Its open again, ready to send",3 years ago,2021-05-14 15:32:53.609179,,,,0,64,3586,False,Sdh buka lagi siap kirim,
ChIJU3DMv8nvQS4RSg_Z0Ek3QLc,Perahu Bosok Melan Baros,b519fce6fe9e43cd1e3d296ae1dcd1cc,4,Not bad for a cycling route for fun biking...,4 years ago,2020-05-14 15:32:53.611063,,,,0,15,1,False,Lumayan buat rute bersepeda untuk fun bike...,
ChIJU3DMv8nvQS4RSg_Z0Ek3QLc,Perahu Bosok Melan Baros,984f72cf0c5b8d07d80648e1af55860f,5,,4 years ago,2020-05-14 15:32:53.614104,,,,0,,,,,
ChIJU3DMv8nvQS4RSg_Z0Ek3QLc,Perahu Bosok Melan Baros,27118ac7141bb8f601b029148f4ac183,4,Really good!! Really great...,4 years ago,2020-05-14 15:32:53.616127,,,,1,437,2266,True,,
ChIJU3DMv8nvQS4RSg_Z0Ek3QLc,Perahu Bosok Melan Baros,7e460818fc41819246bfa445a8e25fe2,5,"Tourist attractions, even if you use a car, are quite narrow, the roads are still busy with visitors",5 years ago,2019-05-14 15:32:53.618170,,,,0,5,,False,Tempat wisata meskipun pakai mobil agak sempit jalan2 nya tetap ramai pengunjung,
ChIJU3DMv8nvQS4RSg_Z0Ek3QLc,Perahu Bosok Melan Baros,4ca9bf777b5aaa669ace97e00d03a3e3,5,,5 years ago,2019-05-14 15:32:54.725186,,,,0,1,,False,,
ChIJU3DMv8nvQS4RSg_Z0Ek3QLc,Perahu Bosok Melan Baros,9c89699f2860662ab5a5c9cc32bfe592,1,,5 years ago,2019-05-14 15:32:54.727389,,,,0,,,,,
ChIJU3DMv8nvQS4RSg_Z0Ek3QLc,Perahu Bosok Melan Baros,2d36be75f4d3e4e12df241576373fd00,2,Great,5 years ago,2019-05-14 15:32:54.728414,,,,0,53,136,True,Hebat,
ChIJU3DMv8nvQS4RSg_Z0Ek3QLc,Perahu Bosok Melan Baros,3dc28ef9d0bedd4a4191e1f78b4363b5,1,Good,5 years ago,2019-05-14 15:32:54.731553,,,,0,2,,False,Bagus,
ChIJU3DMv8nvQS4RSg_Z0Ek3QLc,Perahu Bosok Melan Baros,fff458c4fb2295994845c57a5c2ab612,5,,6 years ago,2018-05-14 15:32:54.733558,,,,0,,,,,
ChIJU3DMv8nvQS4RSg_Z0Ek3QLc,Perahu Bosok Melan Baros,e4760a2da5c93eb5c7fbc21f4017d7b6,2,ok,6 years ago,2018-05-14 15:32:54.735589,,,,0,2,3,False,,
ChIJp2o5S_PxQS4RcFGV68FsOe4,Warung Pergerakan GAMSUT,6a9a92318943772f8079d5a8b6476c19,5,,23 hours ago,2024-05-13 16:33:10.178715,,,,0,1,66,True,,
ChIJp2o5S_PxQS4RcFGV68FsOe4,Warung Pergerakan GAMSUT,2d398e0467f4a117465e379bf9c623fa,5,,9 months ago,2023-08-14 15:33:10.180758,,,,0,,,,,
ChIJp2o5S_PxQS4RcFGV68FsOe4,Warung Pergerakan GAMSUT,77e3587df6669268d9e763bd3bcef8c7,5,,a year ago,2023-05-14 15:33:10.181787,,,,0,4,9,False,,
ChIJp2o5S_PxQS4RcFGV68FsOe4,Warung Pergerakan GAMSUT,286206be15ad9365a750ab3f7be15d7a,5,,a year ago,2023-05-14 15:33:10.183846,,,,0,15,95,True,,
ChIJp2o5S_PxQS4RcFGV68FsOe4,Warung Pergerakan GAMSUT,67d2e2389bb35f19f603edd71681f7bc,5,,a year ago,2023-05-14 15:33:10.186414,,,,0,2,,False,,
ChIJp2o5S_PxQS4RcFGV68FsOe4,Warung Pergerakan GAMSUT,658c4b4bd98ecf58f94485487684b49c,4,,2 years ago,2022-05-14 15:33:10.188469,,,,0,6,17,True,,
ChIJp2o5S_PxQS4RcFGV68FsOe4,Warung Pergerakan GAMSUT,5aa606db6f3b826e6ba2ecb61862ec7d,4,,2 years ago,2022-05-14 15:33:10.190515,,,,0,9,28,True,,
ChIJp2o5S_PxQS4RcFGV68FsOe4,Warung Pergerakan GAMSUT,c9071f7dde9724fda4d1cd0dfb0ab3b7,4,,2 years ago,2022-05-14 15:33:10.192541,,,,0,2,,False,,
ChIJp2o5S_PxQS4RcFGV68FsOe4,Warung Pergerakan GAMSUT,3981bc9dfd9339e6c05f8175dcfda16e,5,,2 years ago,2022-05-14 15:33:10.194894,,,,0,1,1,False,,
ChIJp2o5S_PxQS4RcFGV68FsOe4,Warung Pergerakan GAMSUT,f48e493cd4607e4a18d1a9c151f91ab7,4,,2 years ago,2022-05-14 15:33:10.196399,,,,0,,,,,
ChIJp2o5S_PxQS4RcFGV68FsOe4,Warung Pergerakan GAMSUT,696492523b6cef76eb28489c5cdec828,5,"Yes, I can",3 years ago,2021-05-14 15:33:12.023884,,,,0,1,,False,Boleh akka,
ChIJp2o5S_PxQS4RcFGV68FsOe4,Warung Pergerakan GAMSUT,93da53fbe464307277cac0395cc31ff4,5,mntap,3 years ago,2021-05-14 15:33:12.026882,,,,0,1,,False,,
ChIJp2o5S_PxQS4RcFGV68FsOe4,Warung Pergerakan GAMSUT,79f932f1bfe8b68d49804bbb476097d7,5,It feels really awesome,3 years ago,2021-05-14 15:33:12.028888,,,,0,1,2,False,Rasanya manjiing bangett,
ChIJp2o5S_PxQS4RcFGV68FsOe4,Warung Pergerakan GAMSUT,b88146f988e2cff06d8f96651208213f,5,Coffee here is delicious,3 years ago,2021-05-14 15:33:12.031409,,,,0,4,2,False,Ngopi disini nikmat,
ChIJp2o5S_PxQS4RcFGV68FsOe4,Warung Pergerakan GAMSUT,c36085bbdbf5d2af9c3362997e6b6dbc,5,Whew,3 years ago,2021-05-14 15:33:12.033411,,,,0,2,2,False,Wiihhh,
ChIJ3Tsa5F3wQS4Rg9nTS9bys7k,Queen Resto,89e583b17261264e5325508fbe3dd179,5,Queencafe gading Serpong good,4 years ago,2020-05-14 15:31:53.794931,,,,0,1,,False,,
ChIJ3Tsa5F3wQS4Rg9nTS9bys7k,Queen Resto,01b8bcfc2a7a7b78c088c8e783ae45d6,5,,5 years ago,2019-05-14 15:31:53.796936,,,,0,1,,False,,
ChIJ3Tsa5F3wQS4Rg9nTS9bys7k,Queen Resto,b561585411860bf884a25cd96235ffe4,1,,5 years ago,2019-05-14 15:31:53.798946,,,,0,1,,False,,
ChIJ3Tsa5F3wQS4Rg9nTS9bys7k,Queen Resto,2382d5ce476903ab81b4abaf7643d56d,5,,5 years ago,2019-05-14 15:31:53.799958,,,,0,,,,,
ChIJ3Tsa5F3wQS4Rg9nTS9bys7k,Queen Resto,1cf8cf5f7bebae5fe9ba39dfd26915cb,5,,5 years ago,2019-05-14 15:31:53.802516,,,,0,8,5,True,,
ChIJ3Tsa5F3wQS4Rg9nTS9bys7k,Queen Resto,4c92b3e688951d01be6f597741621b84,5,good,5 years ago,2019-05-14 15:31:53.804521,,,,0,20,1,True,,
ChIJ3Tsa5F3wQS4Rg9nTS9bys7k,Queen Resto,519cae1f3f1812f0c77554e20fbc6503,5,:V,5 years ago,2019-05-14 15:31:53.806528,,,,0,11,23,True,,
ChIJ3Tsa5F3wQS4Rg9nTS9bys7k,Queen Resto,8e87d02ce858ea27c40bf860c6163713,5,,5 years ago,2019-05-14 15:31:53.808631,,,,0,1,4,False,,
ChIJ3Tsa5F3wQS4Rg9nTS9bys7k,Queen Resto,7e907581bea87f3a1f9c9947c01aace7,5,,6 years ago,2018-05-14 15:31:53.810654,,,,0,2,50,True,,
ChIJ3Tsa5F3wQS4Rg9nTS9bys7k,Queen Resto,80d4a92098c53a76b6d54c8af030767c,5,,6 years ago,2018-05-14 15:31:53.813186,,,,0,,,,,
ChIJ3Tsa5F3wQS4Rg9nTS9bys7k,Queen Resto,f2ac00d4f1ad6ec67315ab624a4fd5d2,5,Luarbiasa Baru Buka Langaung Ada Pluang Besar. Queen Resto Membuka Jasa Bukber,6 years ago,2018-05-14 15:31:54.616766,,,,0,1,,False,Its extraordinary that just opening Langaung there is a big opportunity. Queen Resto Opens Bukber Services,
ChIJYQ0C09LxQS4Rcs_a2jD19io,Uwais Cincau,747cdac50a5d01ed6b576d8ff3644650,4,Cleanliness needs to be paid more attention,6 months ago,2023-11-14 15:33:13.720665,,,,0,220,90,True,Kebersihan perlu di perhatikan lagi,
ChIJYQ0C09LxQS4Rcs_a2jD19io,Uwais Cincau,7b58b3a0ab2c4e51ffdeceb9dbb49335,3,The place is comfortable and comfortable.,10 months ago,2023-07-14 15:33:13.723106,,,,2,16,2,False,Tempat nya betah nyaman.,
ChIJYQ0C09LxQS4Rcs_a2jD19io,Uwais Cincau,d026ed06ab85fb7327542f73a5ef23ec,4,,10 months ago,2023-07-14 15:33:13.725408,,,,0,3,,False,,
ChIJYQ0C09LxQS4Rcs_a2jD19io,Uwais Cincau,e8d1f565e089b3ffaeaa2afa11ec77a4,5,,a year ago,2023-05-14 15:33:13.727938,,,,0,1,6,False,,
ChIJYQ0C09LxQS4Rcs_a2jD19io,Uwais Cincau,6b6453ea25dcafe3e6e4332e7dffc755,5,,2 years ago,2022-05-14 15:33:13.728944,,,,0,,,,,
ChIJYQ0C09LxQS4Rcs_a2jD19io,Uwais Cincau,bee0cb701d51611182dcbb90f9ebefd0,2,,2 years ago,2022-05-14 15:33:13.731113,,,,0,6,17,True,,
ChIJYQ0C09LxQS4Rcs_a2jD19io,Uwais Cincau,a2c53d54f46e891065c85a38088a9280,4,Helter-skelter market. Its really helpful,2 years ago,2022-05-14 15:33:13.733164,,,,0,2,,False,Pasar pontang. Emang mantul,
ChIJYQ0C09LxQS4Rcs_a2jD19io,Uwais Cincau,0b0dbcaa71ebc6e39559a5f46716df76,4,,2 years ago,2022-05-14 15:33:13.736177,,,,0,3,4,False,,
ChIJYQ0C09LxQS4Rcs_a2jD19io,Uwais Cincau,301a91334fc1cf20ffaeca4a914f2fb7,3,Okay,2 years ago,2022-05-14 15:33:13.737178,,,,0,16,12,True,Oke,
ChIJYQ0C09LxQS4Rcs_a2jD19io,Uwais Cincau,e3acea8cfa7edeeda9ca5237bf54452d,5,,2 years ago,2022-05-14 15:33:13.740393,,,,0,,,,,
ChIJYQ0C09LxQS4Rcs_a2jD19io,Uwais Cincau,5fcb7bfcb13eeec601a93bf8fd97ab35,3,,3 years ago,2021-05-14 15:33:14.551207,,,,0,26,37,True,,
ChIJz-_0F6rxQS4RrzQOPtx2_O0,Warung Abah Haerudin,8ac7c9af1b838fc2c94fa34c836e4d69,5,,a year ago,2023-05-14 15:33:19.853580,,,,0,45,15,True,,
ChIJz-_0F6rxQS4RrzQOPtx2_O0,Warung Abah Haerudin,2975e98549422a85481f87b771503294,5,,a year ago,2023-05-14 15:33:19.855610,,,,0,4,7,False,,
ChIJz-_0F6rxQS4RrzQOPtx2_O0,Warung Abah Haerudin,4fedad15f827a6eae62d50b515b088d7,5,Rest area on Jln Sombeng,5 years ago,2019-05-14 15:33:19.857631,,,,1,1,2,False,Rest area jln sombeng,
ChIJz-_0F6rxQS4RrzQOPtx2_O0,Warung Abah Haerudin,cf250f1c6e34ba2adbda3e1646060afd,1,,5 years ago,2019-05-14 15:33:19.860273,,,,0,,,,,
ChIJz-_0F6rxQS4RrzQOPtx2_O0,Warung Abah Haerudin,357d0133a32670292c200a32b021e32e,5,The coffee is great,5 years ago,2019-05-14 15:33:19.861691,,,,1,34,,True,Mantap kopinya,
ChIJz-_0F6rxQS4RrzQOPtx2_O0,Warung Abah Haerudin,4a6a6444f13f860398d5980205d22bd8,5,Relax,5 years ago,2019-05-14 15:33:19.864855,,,,0,2,,True,Santai,
ChIJz-_0F6rxQS4RrzQOPtx2_O0,Warung Abah Haerudin,7e173ffb428df692d63043459d1f3e4b,5,Excellent,5 years ago,2019-05-14 15:33:19.867028,,,,1,11,87,True,Mantap,
ChIJz-_0F6rxQS4RrzQOPtx2_O0,Warung Abah Haerudin,06d55b07168d261931ea16049e912c9d,5,,6 years ago,2018-05-14 15:33:19.869194,,,,0,,,,,
ChIJz-_0F6rxQS4RrzQOPtx2_O0,Warung Abah Haerudin,406b46c72cd04e981923b44a3409b946,5,,6 years ago,2018-05-14 15:33:19.871897,,,,0,1,,False,,
ChIJz-_0F6rxQS4RrzQOPtx2_O0,Warung Abah Haerudin,b800cfd6433d2be968b077cb6799ac6f,5,Ignorance / sociable but pious,6 years ago,2018-05-14 15:33:19.874018,,,,0,1,2,False,Tongkrongan gapleh / gaul tapi soleh,
ChIJz-_0F6rxQS4RrzQOPtx2_O0,Warung Abah Haerudin,621182b2fa567b18116588412858ed86,5,Excellent,6 years ago,2018-05-14 15:33:20.624930,,,,0,284,457,True,Mantap,
ChIJYacAVVLxQS4RepNoJLp0ziw,Upi's House,3669ddc476d75feabfd2514f6a6d7a51,5,There is something beautiful in it Vegetarian options: Spinach,9 months ago,2023-08-14 15:32:30.477727,,,,0,27,11,True,,
ChIJYacAVVLxQS4RepNoJLp0ziw,Upi's House,2e3da5c9591e0e26d0c1960190319a53,3,,a year ago,2023-05-14 15:32:30.479869,,,,0,10,1,True,,
ChIJYacAVVLxQS4RepNoJLp0ziw,Upi's House,c3c57108c709ac28131152b8328c3744,5,,2 years ago,2022-05-14 15:32:30.481893,,,,0,2,,False,,
ChIJYacAVVLxQS4RepNoJLp0ziw,Upi's House,cb37dabe05b24eb92348bdeaea622f9d,5,,2 years ago,2022-05-14 15:32:30.483898,,,,0,46,344,True,,
ChIJYacAVVLxQS4RepNoJLp0ziw,Upi's House,724260b8ef2d36571bde2ca336e5b1b7,5,The PT.BLS office is quite beautiful and nice,2 years ago,2022-05-14 15:32:30.486186,,,,0,5,41,False,Cukup indah dan bagus kantor PT.BLS,
ChIJYacAVVLxQS4RepNoJLp0ziw,Upi's House,4f918b856b95399c8a4b959ea18fc3d5,5,,2 years ago,2022-05-14 15:32:30.488208,,,,0,1,,False,,
ChIJYacAVVLxQS4RepNoJLp0ziw,Upi's House,d56feefb76aa49a41e8d358b0f4d4eec,5,,2 years ago,2022-05-14 15:32:30.490255,,,,0,,,,,
ChIJYacAVVLxQS4RepNoJLp0ziw,Upi's House,dfc5049121c6f2bf66ec645f9ca95358,3,,3 years ago,2021-05-14 15:32:30.492359,,,,0,1,,False,,
ChIJYacAVVLxQS4RepNoJLp0ziw,Upi's House,8ac3e5c236e68d4b420817737a029189,5,,3 years ago,2021-05-14 15:32:30.493363,,,,0,22,2,False,,
ChIJYacAVVLxQS4RepNoJLp0ziw,Upi's House,bc03fb5d0eef44bfabb1e51224d83d4f,5,Wow,4 years ago,2020-05-14 15:32:30.495881,,,,0,1,1,False,,
ChIJixvYx9P1QS4RjfUy24Pj8qo,Virginia coffee,34786868d676dc161d2a75830c4fed67,5,,23 hours ago,2024-05-13 16:32:32.200352,,,,0,10,,False,,
ChIJixvYx9P1QS4RjfUy24Pj8qo,Virginia coffee,e9595699afd62de1ac073063e143628f,5,,4 months ago,2024-01-14 15:32:32.202903,,,,0,18,,False,,
ChIJixvYx9P1QS4RjfUy24Pj8qo,Virginia coffee,95810a77eeb0fce9b54c51ad66b84c24,5,Great,a year ago,2023-05-14 15:32:32.204982,,,,0,1,,False,Mantapp,
ChIJixvYx9P1QS4RjfUy24Pj8qo,Virginia coffee,e5767784b4eb5ee9c28ba6b43cb43cef,5,Its a nice place for hanging out and the prices are very cheap,2 years ago,2022-05-14 15:32:32.208004,,,,2,1,,False,Tempat nya enak buat nongki nongki harga pun murahh sekali,
ChIJixvYx9P1QS4RjfUy24Pj8qo,Virginia coffee,55f6a59b7c214de8693eb1e105b41968,5,,2 years ago,2022-05-14 15:32:32.210175,,,,0,,,,,
ChIJixvYx9P1QS4RjfUy24Pj8qo,Virginia coffee,5f4f4c94db33afc49a7750a743a8a4c7,5,"The coffee is really good, the place to hang out is delicious",2 years ago,2022-05-14 15:32:32.212198,,,,2,2,,False,"Kopi nya mantap sekali, tempat nongki enakk",
ChIJixvYx9P1QS4RjfUy24Pj8qo,Virginia coffee,f2adc4b1f3bcc029958b9855bf664b50,5,,2 years ago,2022-05-14 15:32:32.214769,,,,0,2,3,True,,
ChIJixvYx9P1QS4RjfUy24Pj8qo,Virginia coffee,6da7f301519d88c9661196536b7eaf60,5,,2 years ago,2022-05-14 15:32:32.216804,,,,0,,,,,
ChIJixvYx9P1QS4RjfUy24Pj8qo,Virginia coffee,072097da81066ec7e51123c86ef65417,5,Amazing. The coffee is great and the place is comfortable too,2 years ago,2022-05-14 15:32:32.217812,,,,3,1,7,False,Luar biasaa. Kopinyaa mantaap dan tempatnya juga nyaman,
ChIJixvYx9P1QS4RjfUy24Pj8qo,Virginia coffee,325d085ec521b237106f961e5ba84574,5,,2 years ago,2022-05-14 15:32:32.220958,,,,0,,,,,
ChIJG1cxdPTlQS4RkkUjWYRWznI,WARUNG CIBARENG PAK RT,a319c8eba59a8ff470c0760cb68c01d5,3,Do you pay? Whats wild?,a week ago,2024-05-07 15:32:42.425676,,,,0,2,5,False,Bayar ga mang? Apa liaran?,
ChIJG1cxdPTlQS4RkkUjWYRWznI,WARUNG CIBARENG PAK RT,c4083c1dae1af53f36257626ff501054,5,,a month ago,2024-04-14 15:32:42.427664,,,,0,2,4,False,,
ChIJG1cxdPTlQS4RkkUjWYRWznI,WARUNG CIBARENG PAK RT,e78ca9756d2fef128520116e7eb02ef0,5,,a year ago,2023-05-14 15:32:42.430676,,,,0,1,,False,,
ChIJG1cxdPTlQS4RkkUjWYRWznI,WARUNG CIBARENG PAK RT,4f1af77304e49d3c1750e93a46834a60,3,,2 years ago,2022-05-14 15:32:42.432220,,,,0,12,,False,,
ChIJG1cxdPTlQS4RkkUjWYRWznI,WARUNG CIBARENG PAK RT,8d8df3c45342fb42693482ab557f9221,5,"Great spot.... But not recommended for traveling at night during the rainy season.... Lots of mosquitoes... As a result I got chikungunya.... Thank you, Mr Sadam, who always faithfully waits and greets anglers.",3 years ago,2021-05-14 15:32:42.434205,,,,0,14,668,False,Spot yg mantap.... Tp kurang rekomen utk trip malam hari saat musim hujan.... Banyak nyamuknya... Alhasil kena cikungunya deh.... Makasih pak rt sadam yg selalu setia menunggu dan menyapa angler2,
ChIJG1cxdPTlQS4RkkUjWYRWznI,WARUNG CIBARENG PAK RT,b0b788e3e374302c153a849239fcf74d,3,"If you use a car, the road is extreme on rocky ground, with holes and narrow waves.... Advice to use a motorbike if you go there",3 years ago,2021-05-14 15:32:42.437217,,,,2,46,87,True,"kalo pakai mobil jalanya extrem tanah bebatuan, berlubang dan bergelombang sempit....  Saran pakai motor kalo kesana",
ChIJG1cxdPTlQS4RkkUjWYRWznI,WARUNG CIBARENG PAK RT,946f011e2d49bbb971d37dbea920a2d6,5,A very beautiful relaxing destination/place.,3 years ago,2021-05-14 15:32:42.439218,,,,0,1,21,False,Destinasi/tempat Refresing yang sangat Indah.,
ChIJG1cxdPTlQS4RkkUjWYRWznI,WARUNG CIBARENG PAK RT,740466bfc8d1d0eba3b06e9933ac466d,3,What temperature bait do you use when fishing for snapper?,3 years ago,2021-05-14 15:32:42.441739,,,,0,1,,False,Pake Umpan Apa Suhu kalo mancing kakap?,
ChIJG1cxdPTlQS4RkkUjWYRWznI,WARUNG CIBARENG PAK RT,8767d98ac682d087d440478c21a82cbf,5,Toooppp mase,4 years ago,2020-05-14 15:32:42.444757,,,,2,1,1,False,,
ChIJG1cxdPTlQS4RkkUjWYRWznI,WARUNG CIBARENG PAK RT,7edf4bbbba158f114bd4deb68742b631,5,,4 years ago,2020-05-14 15:32:42.445756,,,,0,23,126,True,,
ChIJibycOCjxQS4RLpqu0mRUxzQ,Indomaret sujung tirtayasa/ tslc,d5afeadcfd8aa94fa2633a71b90b2a80,1,The shop has closed and been replaced by Indomaret,5 years ago,2019-05-14 15:33:18.054019,,,,0,18,3,True,Toko sudah tutup dan diganti indomaret,
ChIJibycOCjxQS4RLpqu0mRUxzQ,Indomaret sujung tirtayasa/ tslc,240aa525143545800ed77ede512e7bab,5,,5 years ago,2019-05-14 15:33:18.057524,,,,0,2,19,False,,
ChIJibycOCjxQS4RLpqu0mRUxzQ,Indomaret sujung tirtayasa/ tslc,a415f2310f6f9fb0fc0c93138843ea02,5,,5 years ago,2019-05-14 15:33:18.058556,,,,0,,,,,
ChIJibycOCjxQS4RLpqu0mRUxzQ,Indomaret sujung tirtayasa/ tslc,b7e953cbbe98b8a460670d94fbfe28e0,2,Public facilities are not available (waiting/relaxing chairs and power sockets),5 years ago,2019-05-14 15:33:18.061082,,,,0,300,194,True,Fasilitas umum tidak tersedia (kursi tunggu/santai serta stop kontak),
ChIJibycOCjxQS4RLpqu0mRUxzQ,Indomaret sujung tirtayasa/ tslc,d9aaaf54ec6e805e6ab9c4b7167824c9,4,good service,5 years ago,2019-05-14 15:33:18.063083,,,,0,14,7,True,pelayanan bagus,
ChIJibycOCjxQS4RLpqu0mRUxzQ,Indomaret sujung tirtayasa/ tslc,e193886a97f46e5649e41494ea5c7ac5,4,"OK, if thats the case",5 years ago,2019-05-14 15:33:18.066083,,,,0,63,61,True,Ok lah klo bgitu,
ChIJibycOCjxQS4RLpqu0mRUxzQ,Indomaret sujung tirtayasa/ tslc,c099125f3ce8d7810e0b18976c410285,4,There is a lot of food/equipment for sale which is very complete,5 years ago,2019-05-14 15:33:18.068591,,,,1,3,7,False,Banyak sekali makanan/peralatan yang di jual sangat lengkap,
ChIJibycOCjxQS4RLpqu0mRUxzQ,Indomaret sujung tirtayasa/ tslc,f5e957ef978ee269a5fca8c105f761ca,5,"Theres a toilet near the house,,,",6 years ago,2018-05-14 15:33:18.070600,,,,0,1,,False,"Deket rumah pake buanget sih,,,",
ChIJibycOCjxQS4RLpqu0mRUxzQ,Indomaret sujung tirtayasa/ tslc,2cb324c28f582e93c94c0b12240be620,5,,6 years ago,2018-05-14 15:33:18.073601,,,,0,7,59,False,,
ChIJf8Nh79rxQS4RYnPPdCKL8nE,WARKOP SIDAYU,909a717eabe37abb9c0e3e5152403c8d,5,,4 months ago,2024-01-14 15:33:21.498621,,,,0,9,6,True,,
ChIJf8Nh79rxQS4RYnPPdCKL8nE,WARKOP SIDAYU,69d03126394697877b969e089ce03363,4,,a year ago,2023-05-14 15:33:21.501638,,,,0,3,12,False,,
ChIJf8Nh79rxQS4RYnPPdCKL8nE,WARKOP SIDAYU,3bf6a9dd835ca0f5f9eee2e7b20cde57,3,,a year ago,2023-05-14 15:33:21.504147,,,,0,14,28,True,,
ChIJf8Nh79rxQS4RYnPPdCKL8nE,WARKOP SIDAYU,9f8aba6d433e1a7b99f3cdb2aae847bb,5,,a year ago,2023-05-14 15:33:21.506157,,,,0,1,66,True,,
ChIJf8Nh79rxQS4RYnPPdCKL8nE,WARKOP SIDAYU,1a3d6d70ca916ba7fd861496e9d39130,3,"Kasbon runs smoothly, the service is a little unfriendly but its okay",a year ago,2023-05-14 15:33:21.508158,"Buyers are arrogant kings, wow",a year ago,2023-05-14 15:33:21.508158,0,1,4,False,Kasbon lancar mantap pelayanan sedikit tidak ramah tapi gpp good,Pembeli adalah raja yg sombong wk
ChIJf8Nh79rxQS4RYnPPdCKL8nE,WARKOP SIDAYU,7cdd68b2e0683ebda37622b311559939,5,,2 years ago,2022-05-14 15:33:21.511159,Good boy,a year ago,2023-05-14 15:33:21.511159,0,7,,False,,
ChIJIZXxOPrxQS4R4gJjlLYfHmA,Ahmad Patoni Weringin Jaya,9b1cabdf2f97775ed9f3abfac5207730,4,,6 days ago,2024-05-08 15:33:29.310843,,,,0,2,,False,,
ChIJIZXxOPrxQS4R4gJjlLYfHmA,Ahmad Patoni Weringin Jaya,8719f8c00f39d0d401b79a3483b2ba27,5,Have lived in kesabilan.,8 months ago,2023-09-14 15:33:29.313144,,,,0,16,2,False,Pernah tinggal di kesabilan.,
ChIJIZXxOPrxQS4R4gJjlLYfHmA,Ahmad Patoni Weringin Jaya,b8dbd10e6144151fb36502a588400536,2,,a year ago,2023-05-14 15:33:29.316180,,,,0,,,,,
ChIJIZXxOPrxQS4R4gJjlLYfHmA,Ahmad Patoni Weringin Jaya,5281759f37c9808dfa8014f0dd44c989,5,Ok,3 years ago,2021-05-14 15:33:29.318248,,,,1,3,3,False,,
ChIJIZXxOPrxQS4R4gJjlLYfHmA,Ahmad Patoni Weringin Jaya,1e0e3939973fc2593941c5e6813626dc,5,,3 years ago,2021-05-14 15:33:29.319263,,,,0,,,,,
ChIJTyyqs1_wQS4RpI-1ujXmsqk,Warung Keked,530c0b2512adb24d02a9c0b5aa706962,2,,3 years ago,2021-05-14 15:33:32.695479,,,,0,1,4,False,,
ChIJTyyqs1_wQS4RpI-1ujXmsqk,Warung Keked,71ced16880b49e93e127149827bf8bd0,5,I have a job,3 years ago,2021-05-14 15:33:32.697490,,,,0,1,,False,Bg keked job,
ChIJTyyqs1_wQS4RpI-1ujXmsqk,Warung Keked,27fe8843ebf27e46980279ceba872ad4,5,God,4 years ago,2020-05-14 15:33:32.699500,,,,0,1,4,False,,
ChIJTyyqs1_wQS4RpI-1ujXmsqk,Warung Keked,8fb289ee829a3300ccaefa047aa3c11e,3,Never tried it,4 years ago,2020-05-14 15:33:32.701507,,,,0,76,87,True,Blm pernah coba,
ChIJTyyqs1_wQS4RpI-1ujXmsqk,Warung Keked,f23405c2e122b9772aa72180957c2217,5,,5 years ago,2019-05-14 15:33:32.704039,,,,0,1,,False,,
ChIJP68tAWT6QS4RvKQPzfPUkDU,Cafe Sosis Bakar Optimus,519eac369d36b8bc29ec8e37b03b368f,3,Mantav sausage,5 years ago,2019-05-14 15:33:25.973973,,,,0,53,,True,Mantav sosisnya,
ChIJP68tAWT6QS4RvKQPzfPUkDU,Cafe Sosis Bakar Optimus,08d9c8402e12114594db64225513b10a,4,Excellent,5 years ago,2019-05-14 15:33:25.977001,,,,0,29,2,True,Mantap,
ChIJP68tAWT6QS4RvKQPzfPUkDU,Cafe Sosis Bakar Optimus,3d90aec2ac538942a6f17bccbc4d8576,3,There are various sausage menus available,6 years ago,2018-05-14 15:33:25.978987,,,,0,40,5,True,Tersedia berbagai menu sossis,
ChIJP68tAWT6QS4RvKQPzfPUkDU,Cafe Sosis Bakar Optimus,d6f0e7e02f91b243824415fe8e1bb1da,4,Sosis bakarnya manyozzzzz,7 years ago,2017-05-14 15:33:25.980988,,,,0,2,4,False,Sosis bakarnya manyozzzzzz,
ChIJmbbv65nxQS4RzrY5vBVlcjU,Resto Arabic & Cafe,82b691d8781e47680036e2b6fa56ee5f,5,,a year ago,2023-05-14 15:32:31.286301,,,,0,39,92,True,,
ChIJmbbv65nxQS4RzrY5vBVlcjU,Resto Arabic & Cafe,0c08fc6c158df26e4ff5701601c9608d,5,There is a karoke place too,a year ago,2023-05-14 15:32:31.289370,,,,0,12,26,True,Ada tempat karoke juga,
ChIJmbbv65nxQS4RzrY5vBVlcjU,Resto Arabic & Cafe,db19264e4e4732f2ef804fb2526e5261,5,,a year ago,2023-05-14 15:32:31.291907,,,,0,5,8,False,,
ChIJmbbv65nxQS4RzrY5vBVlcjU,Resto Arabic & Cafe,f5d4942ac25a83e7ae4589758af19559,4,,a year ago,2023-05-14 15:32:31.293958,,,,0,10,35,False,,
ChIJA6hfYeDxQS4RzH-zy-8-drg,BASECAMP BIG FAMILY PEMUDA KEBERANEN,f46a02aa2bd023332e5705d3dbd8f066,5,Excellent,2 years ago,2022-05-14 15:32:44.332140,,,,0,48,63,True,Mantap,
ChIJA6hfYeDxQS4RzH-zy-8-drg,BASECAMP BIG FAMILY PEMUDA KEBERANEN,d67e625aeb0f44cf0777a3b3203dfd3e,4,,2 years ago,2022-05-14 15:32:44.335217,,,,0,,,,,
ChIJA6hfYeDxQS4RzH-zy-8-drg,BASECAMP BIG FAMILY PEMUDA KEBERANEN,c2e57862d6bc978e199caff1c8a7621c,5,The people are friendly and fun,3 years ago,2021-05-14 15:32:44.337267,,,,0,1,4,False,Orang nya ramah seru,
ChIJnS8iPWDxQS4RdtqY4Dv-yiE,Es dugan PA'LE JAYA,90fb2c588e56ed88a4c7c1218614b9c9,5,,3 weeks ago,2024-04-23 15:33:35.348487,,,,0,,,,,
ChIJnS8iPWDxQS4RdtqY4Dv-yiE,Es dugan PA'LE JAYA,97f3b87ecbba0f38b1e699f21339ad4b,5,,4 weeks ago,2024-04-16 15:33:35.350493,,,,0,,,,,
ChIJnS8iPWDxQS4RdtqY4Dv-yiE,Es dugan PA'LE JAYA,de93f9fb673646a6cc4ca62bfc03b9c3,5,,4 years ago,2020-05-14 15:33:35.352591,,,,0,4,,False,,
ChIJaVGEmcrxQS4RmSVyH5Im4OY,Ice Rainbow,93dd463953eb594b958fba04eae931ce,5,,2 years ago,2022-05-14 15:33:31.796024,,,,0,12,,False,,
ChIJaVGEmcrxQS4RmSVyH5Im4OY,Ice Rainbow,43ad1aa0fdde60935e36a2247a5e16fa,5,havent had coffee yet,4 years ago,2020-05-14 15:33:31.798101,,,,0,1,2,False,ngopi belum,
ChIJaVGEmcrxQS4RmSVyH5Im4OY,Ice Rainbow,42bc42ec4ef924b8ea671ef65dd9040a,5,,4 years ago,2020-05-14 15:33:31.801292,,,,0,6,,False,,
ChIJr6940ufxQS4RkBg4FpTsHJ8,Kedai Zahra ( Mozarella Corn Dog & Teh Poci),94fe5d5304fb79c231428526f5aac583,5,Great......special delicious menu....friendly prices....friendly service....fun......,a year ago,2023-05-14 15:33:08.214364,Thank you,a year ago,2023-05-14 15:33:08.214364,0,2,,False,Mantap......menu lezat istimewa....harga bersahabat....pelayanan ramah....menyenangkan......,Terimakasih
ChIJr6940ufxQS4RkBg4FpTsHJ8,Kedai Zahra ( Mozarella Corn Dog & Teh Poci),d24af9bdeabc2a6018d2469c289c7999,5,,a year ago,2023-05-14 15:33:08.217392,,a year ago,2023-05-14 15:33:08.217392,0,1,4,False,,
ChIJr6940ufxQS4RkBg4FpTsHJ8,Kedai Zahra ( Mozarella Corn Dog & Teh Poci),79c91744ed4c0d7077b67c9e4dbcee49,5,,a year ago,2023-05-14 15:33:08.220544,,a year ago,2023-05-14 15:33:08.220544,0,,,,,
ChIJu_BV3kTxQS4RVmaA3ymMAdQ,Miing Hostpot,1b1c78824167408076cc0f1eb6eb0100,5,Very fast,2 years ago,2022-05-14 15:33:30.958050,,,,0,11,,False,Sangat cepat,
ChIJu_BV3kTxQS4RVmaA3ymMAdQ,Miing Hostpot,fccd812d734a8a0bd54c6678e3500b15,5,,2 years ago,2022-05-14 15:33:30.961050,,,,0,,,,,
ChIJu_BV3kTxQS4RVmaA3ymMAdQ,Miing Hostpot,5867b6153422192f06cd32f4c6e561a8,5,,3 years ago,2021-05-14 15:33:30.962051,,,,0,,,,,
ChIJMxxxE4PvQS4RfilwdmEocOE,Warkop/Es Nandie,056b71d4ce55b3c3d62a783b990907f5,5,,6 months ago,2023-11-14 15:33:03.802489,,,,0,2,2,False,,
ChIJMxxxE4PvQS4RfilwdmEocOE,Warkop/Es Nandie,723bb9426073dcf84126453ef2d02038,5,Good,7 months ago,2023-10-14 15:33:03.804923,,,,1,1,,False,,
ChIJMxxxE4PvQS4RfilwdmEocOE,Warkop/Es Nandie,08f66f5cdae0647d9de322a34d86103b,4,,7 months ago,2023-10-14 15:33:03.808047,,,,0,3,9,False,,
ChIJ50MY1V7vQS4RESW0ikJJkKs,Waruh Doyong,e8b32864b15626c1d2682f7a546ce943,5,,11 months ago,2023-06-14 15:32:52.349387,,,,0,5,2,False,,
ChIJ50MY1V7vQS4RESW0ikJJkKs,Waruh Doyong,6aa2dbb4e150f826f3dda8fd8c9be5d1,5,,11 months ago,2023-06-14 15:32:52.352051,,,,0,,,,,
ChIJ50MY1V7vQS4RESW0ikJJkKs,Waruh Doyong,b1ef7b6f36c8969d1a07056ef48b0b30,5,"Hey, whats up?",2 years ago,2022-05-14 15:32:52.353055,,,,0,3,36,True,Dih woy apane dihhh,
ChIJ_YAL7kzxQS4RH3hg7R51gkk,Warung Bakso Mas.Waluyo(cabang 1) Tirtayasa - Banten,c0a1f657f7d449fd500130ff6d7e62f1,3,Reasonable,a year ago,2023-05-14 15:32:48.094569,,,,0,121,1307,True,Lumayan,
ChIJ_YAL7kzxQS4RH3hg7R51gkk,Warung Bakso Mas.Waluyo(cabang 1) Tirtayasa - Banten,062b669a35e5ed3d875c912a0e33277c,5,"The taste of the meatballs and chicken noodles is delicious at an affordable price, guaranteed that customers will definitely be addicted The benchmark location is in the shophouse parking lot, there is a motorbike with a cool modification!",2 years ago,2022-05-14 15:32:48.097136,,,,1,58,128,True,,
ChIJ_YAL7kzxQS4RH3hg7R51gkk,Warung Bakso Mas.Waluyo(cabang 1) Tirtayasa - Banten,30ecce09fb7a355d044c37ddfa44aa4c,5,"The taste of the meatball chicken noodles is delicious. The place is comfortable, the waiters are friendly and the parking area is spacious. Delicious for eating together with family or friends.",2 years ago,2022-05-14 15:32:48.099235,,,,1,15,421,True,"Rasa mie ayam baksonya nagih. Tempatnya nyaman, pelayannya ramah dan tempat parkirnya luas. Enak buat makan rame-rame sama keluarga atau teman-teman.",
ChIJH8jVIyrvQS4Rd2yb_YI2Tj4,BASECAMP WALANG,ecba5b9d47a12ea8a4c907cce443fc21,5,,a year ago,2023-05-14 15:33:33.558861,,,,0,5,40,True,,
ChIJH8jVIyrvQS4Rd2yb_YI2Tj4,BASECAMP WALANG,8a1dc126b037258c47bfbd068e909943,5,The grasshopper screamed,3 years ago,2021-05-14 15:33:33.560870,,,,1,1,,False,Walang ngekek,
ChIJzQrxSCnxQS4RICTlj0Oumas,"Kedai Sop Duren & Jus ""Durasi""",7c5da4214ff098790bdb7ef3651e8ef3,5,,3 years ago,2021-05-14 15:33:18.902585,,,,0,5,,False,,
ChIJzQrxSCnxQS4RICTlj0Oumas,"Kedai Sop Duren & Jus ""Durasi""",49a58ec00b229c76b61c5e76f67d66dc,5,May you be more successful. Amen,4 years ago,2020-05-14 15:33:18.905597,,,,0,5,2,False,,
ChIJt4Qv-vLvQS4RXjfV7fRwdYs,Lontar,7c4df557808fb68ba2ca390697cb1b08,5,,2 months ago,2024-03-14 15:33:09.223828,,,,0,1,,False,,
ChIJt4Qv-vLvQS4RXjfV7fRwdYs,Lontar,abe6b7b9314215f587e828776a472f4e,4,,3 months ago,2024-02-14 15:33:09.225403,,,,0,9,,False,,
ChIJK2-DHlzxQS4Re1ovri-Tx4g,Marina Thai Tea,c47f5ab943bd12e3960bacd0e4995064,5,,2 years ago,2022-05-14 15:33:23.229064,,,,0,3,27,True,,
ChIJK2-DHlzxQS4Re1ovri-Tx4g,Marina Thai Tea,954ab007f196fabdea7d545f238ee0cf,5,Excellent,5 years ago,2019-05-14 15:33:23.231613,,,,0,7,102,True,Mantap,
ChIJt7gM6AjvQS4R4m_8XZGolyg,Nasgor City,bd22575d5751636941c46891580a7288,2,Soothing,2 years ago,2022-05-14 15:32:45.240535,,,,0,1,,False,Mentenangkan,
ChIJt7gM6AjvQS4R4m_8XZGolyg,Nasgor City,7190876437ae8240be94c2aebb5f0a10,5,Likes nasgor dishes,3 years ago,2021-05-14 15:32:45.242575,,,,0,1,1,False,Suka dengan maskan nasgor,
ChIJ8WyZt0bwQS4RnU3D88x7rSw,Seblak PVJ,7c7f6a8f44a5336bca37a1435d3288e4,3,Seblak was a hit. But now it is no longer selling or closed,9 months ago,2023-08-14 15:33:06.260137,,,,0,50,14,True,Seblak yang pernah hits. Namun sekarang sudah tidak lagi berjualan atau tutup,
ChIJ8WyZt0bwQS4RnU3D88x7rSw,Seblak PVJ,22ce7d54813fa205e327248522a18819,5,Nostalgic place,a year ago,2023-05-14 15:33:06.263313,,,,0,12,32,True,Tempat nostalgia,
ChIJFZ2kVADxQS4RJQuhILfUukE,Warkop Sinyal,d778ebdd7a84b25ac9a5e4b3a30f2151,5,Josssss,4 months ago,2024-01-14 15:33:17.157150,,,,0,2,,False,,
ChIJFZ2kVADxQS4RJQuhILfUukE,Warkop Sinyal,671764b08e04cef6378dbc43d8329a1e,5,The original seblak is spicy with devil chili. Mantulllll,4 months ago,2024-01-14 15:33:17.159698,,,,0,1,,False,Seblaknya asli pedas dengan cabai setan. Mantulllll,
ChIJ0zExXkfxQS4RypZaD4Nzv64,Warung Asep,58d353beb55a8260fc6a3214082b8e1d,4,,a year ago,2023-05-14 15:33:26.799580,,,,0,1,,False,,
ChIJ0zExXkfxQS4RypZaD4Nzv64,Warung Asep,dd3c3e45064444d7809fbfc783addde9,5,,2 years ago,2022-05-14 15:33:26.801580,,,,0,10,,True,,
ChIJ8-mySSnxQS4Riy1m6usgzLs,Weringin Kesabilan,677d8ae223025d0a10d0ca9d8fb01e72,5,I used to live in kesabilan.,8 months ago,2023-09-14 15:33:28.460876,,,,0,16,2,False,Saya parnah tinggal di kesabilan.,
ChIJ8-mySSnxQS4Riy1m6usgzLs,Weringin Kesabilan,1b98da3d4a19941e880b95e66f515e42,5,Sip,a year ago,2023-05-14 15:33:28.464044,,,,0,9,,False,,
ChIJDTLVA1rvQS4RAAPVieszebs,Ambon Fc,7ae8ccd98b330dfd733ee96c4901e0cb,5,Thats enough,a year ago,2023-05-14 15:33:16.302642,,,,0,1,,False,Cukup lh,
ChIJJ7oK-y_xQS4RbANqKHYjZkA,Baso & Gorengan Bi.Ebah,0ec405d2adb5b7018a50c114bd065ba9,5,"Meatballs, fried foods, crumbles etc",3 years ago,2021-05-14 15:33:36.146692,,,,0,284,457,True,"Baso, gorengan, recoh Dll",
ChIJ1wHX4BnxQS4RO4u0eUMUFEI,Eroll seafood,82430a6a828c00779a934175d4406674,4,hopefully going well,8 months ago,2023-09-14 15:33:12.853811,,,,0,4,27,False,semoga berjalan dengan baik,
ChIJs0Rw5IfxQS4R9480dFRG4tA,Fresco Taza Tirtayasa,c7a277bf8c5dba5bfdea60805d26c9c1,5,Its really annoying,4 years ago,2020-05-14 15:32:40.113506,,,,0,2,53,True,Ter nyessss rasanya,
ChIJVTQQcFzwQS4RuAiPz0-KHvM,Gorengan Kita,b041fdf85b1e0122a8292f474ae14906,4,,4 years ago,2020-05-14 15:32:41.372999,,,,0,8,35,True,,
ChIJKdHk3QTxQS4RL2dkXN5TCl8,Kedai Jamu Bang Tedy,f06d3ab6c33a6facd98c9615e29d9b38,5,A very complete herbal medicine shop that is good for health,a year ago,2023-05-14 15:32:43.289192,,,,1,58,128,True,Kedai kedai jamu yg sangat lengkap baik tuk kesehatan,
ChIJoU4EmJ3xQS4R9JQQCduoJfo,Kopi Saung Bloso,df02cfc74bc1e10e863b6b9e958a89a9,5,TIRTAYASA FORT CITY will be established,3 years ago,2021-05-14 15:32:47.226759,,,,1,33,42,True,Akan di dirikan KOTA BENTENG TIRTAYASA,
ChIJgzxdkCnvQS4R3RdReOyC4bo,Kopi mangrove,6ab56b397150146949588dddccb55e51,5,Excellent,8 months ago,2023-09-14 15:33:22.335841,,,,0,3,3,False,Mantap,
ChIJOVlRnw7vQS4R5m4X4iTrDqA,PASAREAN MARHAWI,2d05a1d418b84823b4c9e9a1b175ac0e,5,The burial place of Marhawi bin Syamsul Arifins beloved brother,a year ago,2023-05-14 15:33:05.433173,,,,1,1,3,False,Tempat pemakaman kakak tercinta Marhawi bin syamsul arifin,
ChIJ4zsjRqHxQS4RwdEX8i08j9o,Rumah Hamami Help Mixing,ce5131ce5399e8435746ed56bed37888,5,Its steady,2 years ago,2022-05-14 15:32:56.649464,,,,0,1,,False,Seblaknya mantep,
ChIJ5zGUXiz7QS4R-o4TfDYMkmk,Rumah Kapten Yadi,73654c6465452820e37ec3b822a998e9,4,,3 years ago,2021-05-14 15:32:46.196993,,,,0,1,14,False,,
ChIJkXNpiunxQS4R3WtldzoomSw,Siti Sop Durian,fde7effea266f0dac1a57d819b10139a,5,,a year ago,2023-05-14 15:33:07.125994,,,,0,7,35,False,,
ChIJbVIydhbvQS4RJG0jma7-LLg,"Warung Bahar""",2952d7924f99507a28911a5cd717816f,2,,a year ago,2023-05-14 15:33:04.614516,,,,0,3,,False,,
ChIJzTV8NgDxQS4RF0su2cEamF0,Warung Mamah Ukas,bcc55b0fc8b66fe42e2daccdb1793d70,4,,3 years ago,2021-05-14 15:32:55.682225,,,,0,5,,False,,
ChIJqxPqCxjvQS4ROTac8j8BILs,Warung Si Loy,9d767b74f3ed14e2bad96b5f0690ed6a,5,,3 years ago,2021-05-14 15:33:34.357885,,,,0,3,,False,,
ChIJGccRdB7xQS4R-YiAXyvWvwE,Yusuf marbles,34985b161b2b3c34e6b18ed974609bd9,1,,a year ago,2023-05-14 15:33:27.611931,,,,0,1,,False,,
ChIJjwT1qivxQS4RxUxbMW1042Q,kedai mak epoy pontang,4dcf43d6a488857f9e1b3fa972080db0,5,,11 months ago,2023-06-14 15:33:30.099902,,,,0,1,1,False,,
